{"idx":[26],"r":[3584],"x":[0]}
{"idx":[282],"r":[3584],"x":[0]}
{"idx":[538],"r":[3584],"x":[0]}
{"idx":[794],"r":[3584],"x":[0]}
{"idx":[1050],"r":[3584],"x":[0]}
{"idx":[1306],"r":[3584],"x":[0]}
{"idx":[1562],"r":[3584],"x":[0]}
{"idx":[1818],"r":[3584],"x":[0]}
{"idx":[2074],"r":[3584],"x":[0]}
{"idx":[2330],"r":[3584],"x":[0]}
{"idx":[2586],"r":[3584],"x":[0]}
{"idx":[2842],"r":[3584],"x":[0]}
{"idx":[3098],"r":[3584],"x":[0]}
{"idx":[3354],"r":[3584],"x":[0]}
{"idx":[3610],"r":[3584],"x":[0]}
{"idx":[3866],"r":[3584],"x":[0]}
{"idx":[4122],"r":[3584],"x":[0]}
{"idx":[4378],"r":[3584],"x":[0]}
{"idx":[4634],"r":[3584],"x":[0]}
{"idx":[4890],"r":[3584],"x":[0]}
{"idx":[5146],"r":[3584],"x":[0]}
{"idx":[5402],"r":[3584],"x":[0]}
{"idx":[5658],"r":[3584],"x":[0]}
{"idx":[5914],"r":[3584],"x":[0]}
{"idx":[6170],"r":[3584],"x":[0]}
{"idx":[6426],"r":[3584],"x":[0]}
{"idx":[6682],"r":[3584],"x":[0]}
{"idx":[6938],"r":[3584],"x":[0]}
{"idx":[7194],"r":[3584],"x":[0]}
{"idx":[7450],"r":[3584],"x":[0]}
{"idx":[7706],"r":[3584],"x":[0]}
{"idx":[7962],"r":[3584],"x":[0]}
{"idx":[8218],"r":[3584],"x":[0]}
{"idx":[8474],"r":[3584],"x":[0]}
{"idx":[8730],"r":[3584],"x":[0]}
{"idx":[8986],"r":[3584],"x":[0]}
{"idx":[9242],"r":[3584],"x":[0]}
{"idx":[9498],"r":[3584],"x":[0]}
{"idx":[9754],"r":[3584],"x":[0]}
{"idx":[10010],"r":[3584],"x":[0]}
{"idx":[10266],"r":[3584],"x":[0]}
{"idx":[10522],"r":[3584],"x":[0]}
{"idx":[10778],"r":[3584],"x":[0]}
{"idx":[11034],"r":[3584],"x":[0]}
{"idx":[11290],"r":[3584],"x":[0]}
{"idx":[11546],"r":[3584],"x":[0]}
{"idx":[11802],"r":[3584],"x":[0]}
{"idx":[12058],"r":[3584],"x":[0]}
{"idx":[12314],"r":[3584],"x":[0]}
{"idx":[12570],"r":[3584],"x":[0]}
{"idx":[12826],"r":[3584],"x":[0]}
{"idx":[13082],"r":[3584],"x":[0]}
{"idx":[13338],"r":[3584],"x":[0]}
{"idx":[13594],"r":[3584],"x":[0]}
{"idx":[13850],"r":[3584],"x":[0]}
{"idx":[14106],"r":[3584],"x":[0]}
{"idx":[14362],"r":[3584],"x":[0]}
{"idx":[14618],"r":[3584],"x":[0]}
{"idx":[14874],"r":[3584],"x":[0]}
{"idx":[15130],"r":[3584],"x":[0]}
{"idx":[15386],"r":[3584],"x":[0]}
{"idx":[15642],"r":[3584],"x":[0]}
{"idx":[15898],"r":[3584],"x":[0]}
{"idx":[16154],"r":[3584],"x":[0]}
{"idx":[16410],"r":[3584],"x":[0]}
{"idx":[16666],"r":[3584],"x":[0]}
{"idx":[16922],"r":[3584],"x":[0]}
{"idx":[17178],"r":[3584],"x":[0]}
{"idx":[17434],"r":[3584],"x":[0]}
{"idx":[17690],"r":[3584],"x":[0]}
{"idx":[17946],"r":[3584],"x":[0]}
{"idx":[18202],"r":[3584],"x":[0]}
{"idx":[18458],"r":[3584],"x":[0]}
{"idx":[18714],"r":[3584],"x":[0]}
{"idx":[18970],"r":[3584],"x":[0]}
{"idx":[19226],"r":[3584],"x":[0]}
{"idx":[19482],"r":[3584],"x":[0]}
{"idx":[19738],"r":[3584],"x":[0]}
{"idx":[19994],"r":[3584],"x":[0]}
{"idx":[20250],"r":[3584],"x":[0]}
{"idx":[20506],"r":[3584],"x":[0]}
{"idx":[20762],"r":[3584],"x":[0]}
{"idx":[21018],"r":[3584],"x":[0]}
{"idx":[21274],"r":[3584],"x":[0]}
{"idx":[21530],"r":[3584],"x":[0]}
{"idx":[21786],"r":[3584],"x":[0]}
{"idx":[22042],"r":[3584],"x":[0]}
{"idx":[22298],"r":[3584],"x":[0]}
{"idx":[22554],"r":[3584],"x":[0]}
{"idx":[22810],"r":[3584],"x":[0]}
{"idx":[23578],"r":[3584],"x":[0]}
{"idx":[24090],"r":[3584],"x":[0]}
{"idx":[24602],"r":[3584],"x":[0]}
{"idx":[25114],"r":[3584],"x":[0]}
{"idx":[25626],"r":[3584],"x":[0]}
{"idx":[26138],"r":[3584],"x":[0]}
{"idx":[26650],"r":[3584],"x":[0]}
{"idx":[27162],"r":[3584],"x":[0]}
{"idx":[28186],"r":[3584],"x":[0]}
{"idx":[28698],"r":[3584],"x":[0]}
{"idx":[29210],"r":[3584],"x":[0]}
{"idx":[29722],"r":[3584],"x":[0]}
{"idx":[30490],"r":[3584],"x":[0]}
{"idx":[31002],"r":[3584],"x":[0]}
{"idx":[31514],"r":[3584],"x":[0]}
{"idx":[32282],"r":[3584],"x":[0]}
{"idx":[-32742],"r":[3584],"x":[0]}
{"idx":[-32230],"r":[3584],"x":[0]}
{"idx":[-31206],"r":[3584],"x":[0]}
{"idx":[-30694],"r":[3584],"x":[0]}
{"idx":[-30182],"r":[3584],"x":[0]}
{"idx":[-29670],"r":[3584],"x":[0]}
{"idx":[-28646],"r":[3584],"x":[0]}
{"idx":[-28134],"r":[3584],"x":[0]}
{"idx":[-24550],"r":[3584],"x":[0]}
{"idx":[-24038],"r":[3584],"x":[0]}
{"idx":[-23526],"r":[3584],"x":[0]}
{"idx":[-22502],"r":[3584],"x":[0]}
{"idx":[-21990],"r":[3584],"x":[0]}
{"idx":[-21478],"r":[3584],"x":[0]}
{"idx":[-16358],"r":[3584],"x":[0]}
{"idx":[-15846],"r":[3584],"x":[0]}
{"idx":[-15334],"r":[3584],"x":[0]}
{"idx":[-14822],"r":[3584],"x":[0]}
{"idx":[-13286],"r":[3584],"x":[0]}
{"idx":[-12518],"r":[3584],"x":[0]}
{"idx":[-11238],"r":[3584],"x":[0]}
{"idx":[-10214],"r":[3584],"x":[0]}
{"idx":[-9190],"r":[3584],"x":[0]}
{"idx":[-8166],"r":[3584],"x":[0]}
{"idx":[-7654],"r":[3584],"x":[0]}
{"idx":[-7142],"r":[3584],"x":[0]}
{"idx":[-6630],"r":[3584],"x":[0]}
{"idx":[-6374],"r":[3584],"x":[0]}
{"idx":[-6118],"r":[3584],"x":[0]}
{"idx":[-5094],"r":[3584],"x":[0]}
{"idx":[-4582],"r":[3584],"x":[0]}
{"idx":[-4070],"r":[3584],"x":[0]}
{"idx":[-3558],"r":[3584],"x":[0]}
{"idx":[-2790],"r":[3584],"x":[0]}
{"idx":[-2022],"r":[3584],"x":[0]}
{"idx":[-1510],"r":[3584],"x":[0]}
{"idx":[-998],"r":[3584],"x":[0]}
{"idx":[-486],"r":[3584],"x":[0]}
{"idx":[26],"r":[3585],"x":[0]}
{"idx":[538],"r":[3585],"x":[0]}
{"idx":[1050],"r":[3585],"x":[0]}
{"idx":[1562],"r":[3585],"x":[0]}
{"idx":[2586],"r":[3585],"x":[0]}
{"idx":[3098],"r":[3585],"x":[0]}
{"idx":[3610],"r":[3585],"x":[0]}
{"idx":[4122],"r":[3585],"x":[0]}
{"idx":[4634],"r":[3585],"x":[0]}
{"idx":[7706],"r":[3585],"x":[0]}
{"idx":[8218],"r":[3585],"x":[0]}
{"idx":[9242],"r":[3585],"x":[0]}
{"idx":[9754],"r":[3585],"x":[0]}
{"idx":[10266],"r":[3585],"x":[0]}
{"idx":[11290],"r":[3585],"x":[0]}
{"idx":[11802],"r":[3585],"x":[0]}
{"idx":[12314],"r":[3585],"x":[0]}
{"idx":[13338],"r":[3585],"x":[0]}
{"idx":[13850],"r":[3585],"x":[0]}
{"idx":[14362],"r":[3585],"x":[0]}
{"idx":[15386],"r":[3585],"x":[0]}
{"idx":[15898],"r":[3585],"x":[0]}
{"idx":[16410],"r":[3585],"x":[0]}
{"idx":[17434],"r":[3585],"x":[0]}
{"idx":[17946],"r":[3585],"x":[0]}
{"idx":[18458],"r":[3585],"x":[0]}
{"idx":[18970],"r":[3585],"x":[0]}
{"idx":[19738],"r":[3585],"x":[0]}
{"idx":[20506],"r":[3585],"x":[0]}
{"idx":[21018],"r":[3585],"x":[0]}
{"idx":[21530],"r":[3585],"x":[0]}
{"idx":[22042],"r":[3585],"x":[0]}
{"idx":[22554],"r":[3585],"x":[0]}
{"idx":[23066],"r":[3585],"x":[0]}
{"idx":[23578],"r":[3585],"x":[0]}
{"idx":[24602],"r":[3585],"x":[0]}
{"idx":[25114],"r":[3585],"x":[0]}
{"idx":[25626],"r":[3585],"x":[0]}
{"idx":[26650],"r":[3585],"x":[0]}
{"idx":[27162],"r":[3585],"x":[0]}
{"idx":[27674],"r":[3585],"x":[0]}
{"idx":[28186],"r":[3585],"x":[0]}
{"idx":[31770],"r":[3585],"x":[0]}
{"idx":[32282],"r":[3585],"x":[0]}
{"idx":[32538],"r":[3585],"x":[0]}
{"idx":[-32230],"r":[3585],"x":[0]}
{"idx":[-31974],"r":[3585],"x":[0]}
{"idx":[-31462],"r":[3585],"x":[0]}
{"idx":[-30694],"r":[3585],"x":[0]}
{"idx":[-30182],"r":[3585],"x":[0]}
{"idx":[-29670],"r":[3585],"x":[0]}
{"idx":[-28646],"r":[3585],"x":[0]}
{"idx":[-28134],"r":[3585],"x":[0]}
{"idx":[-27622],"r":[3585],"x":[0]}
{"idx":[-27110],"r":[3585],"x":[0]}
{"idx":[-26598],"r":[3585],"x":[0]}
{"idx":[-25574],"r":[3585],"x":[0]}
{"idx":[-24550],"r":[3585],"x":[0]}
{"idx":[-24038],"r":[3585],"x":[0]}
{"idx":[-23526],"r":[3585],"x":[0]}
{"idx":[-23014],"r":[3585],"x":[0]}
{"idx":[-21990],"r":[3585],"x":[0]}
{"idx":[-21478],"r":[3585],"x":[0]}
{"idx":[-20966],"r":[3585],"x":[0]}
{"idx":[-20198],"r":[3585],"x":[0]}
{"idx":[-19686],"r":[3585],"x":[0]}
{"idx":[-18918],"r":[3585],"x":[0]}
{"idx":[-18406],"r":[3585],"x":[0]}
{"idx":[-17894],"r":[3585],"x":[0]}
{"idx":[-17382],"r":[3585],"x":[0]}
{"idx":[-16358],"r":[3585],"x":[0]}
{"idx":[-15846],"r":[3585],"x":[0]}
{"idx":[-15334],"r":[3585],"x":[0]}
{"idx":[-14310],"r":[3585],"x":[0]}
{"idx":[-13798],"r":[3585],"x":[0]}
{"idx":[-9702],"r":[3585],"x":[0]}
{"idx":[-9190],"r":[3585],"x":[0]}
{"idx":[-8678],"r":[3585],"x":[0]}
{"idx":[-8166],"r":[3585],"x":[0]}
{"idx":[-7142],"r":[3585],"x":[0]}
{"idx":[-6630],"r":[3585],"x":[0]}
{"idx":[-6118],"r":[3585],"x":[0]}
{"idx":[-5606],"r":[3585],"x":[0]}
{"idx":[-4582],"r":[3585],"x":[0]}
{"idx":[-4070],"r":[3585],"x":[0]}
{"idx":[-3558],"r":[3585],"x":[0]}
{"idx":[-2534],"r":[3585],"x":[0]}
{"idx":[-2022],"r":[3585],"x":[0]}
{"idx":[-1510],"r":[3585],"x":[0]}
{"idx":[-486],"r":[3585],"x":[0]}
{"idx":[26],"r":[3586],"x":[0]}
{"idx":[1050],"r":[3586],"x":[0]}
{"idx":[1562],"r":[3586],"x":[0]}
{"idx":[2074],"r":[3586],"x":[0]}
{"idx":[2586],"r":[3586],"x":[0]}
{"idx":[3098],"r":[3586],"x":[0]}
{"idx":[3610],"r":[3586],"x":[0]}
{"idx":[4122],"r":[3586],"x":[0]}
{"idx":[4634],"r":[3586],"x":[0]}
{"idx":[5658],"r":[3586],"x":[0]}
{"idx":[6170],"r":[3586],"x":[0]}
{"idx":[6426],"r":[3586],"x":[0]}
{"idx":[7194],"r":[3586],"x":[0]}
{"idx":[7706],"r":[3586],"x":[0]}
{"idx":[8218],"r":[3586],"x":[0]}
{"idx":[9242],"r":[3586],"x":[0]}
{"idx":[9754],"r":[3586],"x":[0]}
{"idx":[10266],"r":[3586],"x":[0]}
{"idx":[14874],"r":[3586],"x":[0]}
{"idx":[15386],"r":[3586],"x":[0]}
{"idx":[15898],"r":[3586],"x":[0]}
{"idx":[16410],"r":[3586],"x":[0]}
{"idx":[16922],"r":[3586],"x":[0]}
{"idx":[17946],"r":[3586],"x":[0]}
{"idx":[18202],"r":[3586],"x":[0]}
{"idx":[19482],"r":[3586],"x":[0]}
{"idx":[19994],"r":[3586],"x":[0]}
{"idx":[20506],"r":[3586],"x":[0]}
{"idx":[21530],"r":[3586],"x":[0]}
{"idx":[22042],"r":[3586],"x":[0]}
{"idx":[22554],"r":[3586],"x":[0]}
{"idx":[23066],"r":[3586],"x":[0]}
{"idx":[24090],"r":[3586],"x":[0]}
{"idx":[24602],"r":[3586],"x":[0]}
{"idx":[25114],"r":[3586],"x":[0]}
{"idx":[25626],"r":[3586],"x":[0]}
{"idx":[26138],"r":[3586],"x":[0]}
{"idx":[27162],"r":[3586],"x":[0]}
{"idx":[27674],"r":[3586],"x":[0]}
{"idx":[28698],"r":[3586],"x":[0]}
{"idx":[29210],"r":[3586],"x":[0]}
{"idx":[29722],"r":[3586],"x":[0]}
{"idx":[30234],"r":[3586],"x":[0]}
{"idx":[30746],"r":[3586],"x":[0]}
{"idx":[31258],"r":[3586],"x":[0]}
{"idx":[32026],"r":[3586],"x":[0]}
{"idx":[-32742],"r":[3586],"x":[0]}
{"idx":[-32230],"r":[3586],"x":[0]}
{"idx":[-31206],"r":[3586],"x":[0]}
{"idx":[-30694],"r":[3586],"x":[0]}
{"idx":[-30182],"r":[3586],"x":[0]}
{"idx":[-27622],"r":[3586],"x":[0]}
{"idx":[-27110],"r":[3586],"x":[0]}
{"idx":[-26598],"r":[3586],"x":[0]}
{"idx":[-26086],"r":[3586],"x":[0]}
{"idx":[-25574],"r":[3586],"x":[0]}
{"idx":[-24550],"r":[3586],"x":[0]}
{"idx":[-24038],"r":[3586],"x":[0]}
{"idx":[-23526],"r":[3586],"x":[0]}
{"idx":[-22502],"r":[3586],"x":[0]}
{"idx":[-21990],"r":[3586],"x":[0]}
{"idx":[-21222],"r":[3586],"x":[0]}
{"idx":[-20454],"r":[3586],"x":[0]}
{"idx":[-19942],"r":[3586],"x":[0]}
{"idx":[-19430],"r":[3586],"x":[0]}
{"idx":[-18918],"r":[3586],"x":[0]}
{"idx":[-18406],"r":[3586],"x":[0]}
{"idx":[-17894],"r":[3586],"x":[0]}
{"idx":[-17382],"r":[3586],"x":[0]}
{"idx":[-16358],"r":[3586],"x":[0]}
{"idx":[-15846],"r":[3586],"x":[0]}
{"idx":[-15078],"r":[3586],"x":[0]}
{"idx":[-14310],"r":[3586],"x":[0]}
{"idx":[-13798],"r":[3586],"x":[0]}
{"idx":[-13286],"r":[3586],"x":[0]}
{"idx":[-12262],"r":[3586],"x":[0]}
{"idx":[-10982],"r":[3586],"x":[0]}
{"idx":[-10214],"r":[3586],"x":[0]}
{"idx":[-9702],"r":[3586],"x":[0]}
{"idx":[-9190],"r":[3586],"x":[0]}
{"idx":[-8166],"r":[3586],"x":[0]}
{"idx":[-7654],"r":[3586],"x":[0]}
{"idx":[-6630],"r":[3586],"x":[0]}
{"idx":[-5606],"r":[3586],"x":[0]}
{"idx":[-2534],"r":[3586],"x":[0]}
{"idx":[-1510],"r":[3586],"x":[0]}
{"idx":[-998],"r":[3586],"x":[0]}
{"idx":[-486],"r":[3586],"x":[0]}
{"idx":[26],"r":[3587],"x":[0]}
{"idx":[1050],"r":[3587],"x":[0]}
{"idx":[1562],"r":[3587],"x":[0]}
{"idx":[2586],"r":[3587],"x":[0]}
{"idx":[3098],"r":[3587],"x":[0]}
{"idx":[3610],"r":[3587],"x":[0]}
{"idx":[4634],"r":[3587],"x":[0]}
{"idx":[5146],"r":[3587],"x":[0]}
{"idx":[5914],"r":[3587],"x":[0]}
{"idx":[6682],"r":[3587],"x":[0]}
{"idx":[7194],"r":[3587],"x":[0]}
{"idx":[8218],"r":[3587],"x":[0]}
{"idx":[8730],"r":[3587],"x":[0]}
{"idx":[9242],"r":[3587],"x":[0]}
{"idx":[10266],"r":[3587],"x":[0]}
{"idx":[10778],"r":[3587],"x":[0]}
{"idx":[11290],"r":[3587],"x":[0]}
{"idx":[12314],"r":[3587],"x":[0]}
{"idx":[12826],"r":[3587],"x":[0]}
{"idx":[13850],"r":[3587],"x":[0]}
{"idx":[14362],"r":[3587],"x":[0]}
{"idx":[14874],"r":[3587],"x":[0]}
{"idx":[15386],"r":[3587],"x":[0]}
{"idx":[15898],"r":[3587],"x":[0]}
{"idx":[16666],"r":[3587],"x":[0]}
{"idx":[17434],"r":[3587],"x":[0]}
{"idx":[17946],"r":[3587],"x":[0]}
{"idx":[18970],"r":[3587],"x":[0]}
{"idx":[19482],"r":[3587],"x":[0]}
{"idx":[21018],"r":[3587],"x":[0]}
{"idx":[21530],"r":[3587],"x":[0]}
{"idx":[22042],"r":[3587],"x":[0]}
{"idx":[22554],"r":[3587],"x":[0]}
{"idx":[23066],"r":[3587],"x":[0]}
{"idx":[23578],"r":[3587],"x":[0]}
{"idx":[24090],"r":[3587],"x":[0]}
{"idx":[24602],"r":[3587],"x":[0]}
{"idx":[25114],"r":[3587],"x":[0]}
{"idx":[25626],"r":[3587],"x":[0]}
{"idx":[26138],"r":[3587],"x":[0]}
{"idx":[26650],"r":[3587],"x":[0]}
{"idx":[26],"r":[3584],"x":[0]}
{"idx":[282],"r":[3584],"x":[0]}
{"idx":[538],"r":[3584],"x":[0]}
{"idx":[794],"r":[3584],"x":[0]}
{"idx":[1050],"r":[3584],"x":[0]}
{"idx":[1306],"r":[3584],"x":[0]}
{"idx":[1562],"r":[3584],"x":[0]}
{"idx":[1818],"r":[3584],"x":[0]}
{"idx":[2074],"r":[3584],"x":[0]}
{"idx":[2330],"r":[3584],"x":[0]}
{"idx":[2586],"r":[3584],"x":[0]}
{"idx":[2842],"r":[3584],"x":[0]}
{"idx":[3098],"r":[3584],"x":[0]}
{"idx":[3354],"r":[3584],"x":[0]}
{"idx":[3610],"r":[3584],"x":[0]}
{"idx":[3866],"r":[3584],"x":[0]}
{"idx":[4122],"r":[3584],"x":[0]}
{"idx":[4378],"r":[3584],"x":[0]}
{"idx":[4634],"r":[3584],"x":[0]}
{"idx":[4890],"r":[3584],"x":[0]}
{"idx":[5146],"r":[3584],"x":[0]}
{"idx":[5402],"r":[3584],"x":[0]}
{"idx":[5658],"r":[3584],"x":[0]}
{"idx":[5914],"r":[3584],"x":[0]}
{"idx":[6170],"r":[3584],"x":[0]}
{"idx":[6426],"r":[3584],"x":[0]}
{"idx":[6682],"r":[3584],"x":[0]}
{"idx":[6938],"r":[3584],"x":[0]}
{"idx":[7194],"r":[3584],"x":[0]}
{"idx":[7450],"r":[3584],"x":[0]}
{"idx":[7706],"r":[3584],"x":[0]}
{"idx":[7962],"r":[3584],"x":[0]}
{"idx":[8218],"r":[3584],"x":[0]}
{"idx":[8474],"r":[3584],"x":[0]}
{"idx":[8730],"r":[3584],"x":[0]}
{"idx":[8986],"r":[3584],"x":[0]}
{"idx":[9242],"r":[3584],"x":[0]}
{"idx":[9498],"r":[3584],"x":[0]}
{"idx":[9754],"r":[3584],"x":[0]}
{"idx":[10010],"r":[3584],"x":[0]}
{"idx":[10266],"r":[3584],"x":[0]}
{"idx":[10522],"r":[3584],"x":[0]}
{"idx":[10778],"r":[3584],"x":[0]}
{"idx":[11034],"r":[3584],"x":[0]}
{"idx":[11290],"r":[3584],"x":[0]}
{"idx":[11546],"r":[3584],"x":[0]}
{"idx":[11802],"r":[3584],"x":[0]}
{"idx":[12058],"r":[3584],"x":[0]}
{"idx":[12314],"r":[3584],"x":[0]}
{"idx":[12570],"r":[3584],"x":[0]}
{"idx":[12826],"r":[3584],"x":[0]}
{"idx":[13082],"r":[3584],"x":[0]}
{"idx":[13338],"r":[3584],"x":[0]}
{"idx":[13594],"r":[3584],"x":[0]}
{"idx":[13850],"r":[3584],"x":[0]}
{"idx":[14106],"r":[3584],"x":[0]}
{"idx":[14362],"r":[3584],"x":[0]}
{"idx":[14618],"r":[3584],"x":[0]}
{"idx":[14874],"r":[3584],"x":[0]}
{"idx":[15130],"r":[3584],"x":[0]}
{"idx":[15386],"r":[3584],"x":[0]}
{"idx":[15642],"r":[3584],"x":[0]}
{"idx":[15898],"r":[3584],"x":[0]}
{"idx":[16154],"r":[3584],"x":[0]}
{"idx":[16410],"r":[3584],"x":[0]}
{"idx":[16666],"r":[3584],"x":[0]}
{"idx":[16922],"r":[3584],"x":[0]}
{"idx":[17178],"r":[3584],"x":[0]}
{"idx":[17434],"r":[3584],"x":[0]}
{"idx":[17690],"r":[3584],"x":[0]}
{"idx":[17946],"r":[3584],"x":[0]}
{"idx":[18202],"r":[3584],"x":[0]}
{"idx":[18458],"r":[3584],"x":[0]}
{"idx":[18714],"r":[3584],"x":[0]}
{"idx":[18970],"r":[3584],"x":[0]}
{"idx":[19226],"r":[3584],"x":[0]}
{"idx":[19482],"r":[3584],"x":[0]}
{"idx":[19738],"r":[3584],"x":[0]}
{"idx":[19994],"r":[3584],"x":[0]}
{"idx":[20250],"r":[3584],"x":[0]}
{"idx":[20506],"r":[3584],"x":[0]}
{"idx":[20762],"r":[3584],"x":[0]}
{"idx":[21018],"r":[3584],"x":[0]}
{"idx":[21530],"r":[3584],"x":[0]}
{"idx":[22042],"r":[3584],"x":[0]}
{"idx":[23578],"r":[3584],"x":[0]}
{"idx":[24602],"r":[3584],"x":[0]}
{"idx":[25114],"r":[3584],"x":[0]}
{"idx":[25626],"r":[3584],"x":[0]}
{"idx":[26394],"r":[3584],"x":[0]}
{"idx":[27162],"r":[3584],"x":[0]}
{"idx":[27674],"r":[3584],"x":[0]}
{"idx":[28186],"r":[3584],"x":[0]}
{"idx":[29210],"r":[3584],"x":[0]}
{"idx":[29722],"r":[3584],"x":[0]}
{"idx":[30746],"r":[3584],"x":[0]}
{"idx":[31258],"r":[3584],"x":[0]}
{"idx":[32282],"r":[3584],"x":[0]}
{"idx":[-32486],"r":[3584],"x":[0]}
{"idx":[-31718],"r":[3584],"x":[0]}
{"idx":[-30950],"r":[3584],"x":[0]}
{"idx":[-30182],"r":[3584],"x":[0]}
{"idx":[-29158],"r":[3584],"x":[0]}
{"idx":[-28134],"r":[3584],"x":[0]}
{"idx":[-27622],"r":[3584],"x":[0]}
{"idx":[-27110],"r":[3584],"x":[0]}
{"idx":[-26086],"r":[3584],"x":[0]}
{"idx":[-25574],"r":[3584],"x":[0]}
{"idx":[-25062],"r":[3584],"x":[0]}
{"idx":[-24294],"r":[3584],"x":[0]}
{"idx":[-23526],"r":[3584],"x":[0]}
{"idx":[-23014],"r":[3584],"x":[0]}
{"idx":[-22502],"r":[3584],"x":[0]}
{"idx":[-21990],"r":[3584],"x":[0]}
{"idx":[-18406],"r":[3584],"x":[0]}
{"idx":[-17894],"r":[3584],"x":[0]}
{"idx":[-17382],"r":[3584],"x":[0]}
{"idx":[-16870],"r":[3584],"x":[0]}
{"idx":[-15846],"r":[3584],"x":[0]}
{"idx":[-15334],"r":[3584],"x":[0]}
{"idx":[-10214],"r":[3584],"x":[0]}
{"idx":[-9702],"r":[3584],"x":[0]}
{"idx":[-9190],"r":[3584],"x":[0]}
{"idx":[-8678],"r":[3584],"x":[0]}
{"idx":[-8166],"r":[3584],"x":[0]}
{"idx":[-7142],"r":[3584],"x":[0]}
{"idx":[-6630],"r":[3584],"x":[0]}
{"idx":[-6118],"r":[3584],"x":[0]}
{"idx":[-5350],"r":[3584],"x":[0]}
{"idx":[-4582],"r":[3584],"x":[0]}
{"idx":[-4070],"r":[3584],"x":[0]}
{"idx":[-3046],"r":[3584],"x":[0]}
{"idx":[-2022],"r":[3584],"x":[0]}
{"idx":[-1510],"r":[3584],"x":[0]}
{"idx":[-742],"r":[3584],"x":[0]}
{"idx":[26],"r":[3585],"x":[0]}
{"idx":[1050],"r":[3585],"x":[0]}
{"idx":[1562],"r":[3585],"x":[0]}
{"idx":[2074],"r":[3585],"x":[0]}
{"idx":[2586],"r":[3585],"x":[0]}
{"idx":[3098],"r":[3585],"x":[0]}
{"idx":[4122],"r":[3585],"x":[0]}
{"idx":[5146],"r":[3585],"x":[0]}
{"idx":[5658],"r":[3585],"x":[0]}
{"idx":[6170],"r":[3585],"x":[0]}
{"idx":[7194],"r":[3585],"x":[0]}
{"idx":[7706],"r":[3585],"x":[0]}
{"idx":[8730],"r":[3585],"x":[0]}
{"idx":[9754],"r":[3585],"x":[0]}
{"idx":[10778],"r":[3585],"x":[0]}
{"idx":[11802],"r":[3585],"x":[0]}
{"idx":[12314],"r":[3585],"x":[0]}
{"idx":[13338],"r":[3585],"x":[0]}
{"idx":[16410],"r":[3585],"x":[0]}
{"idx":[16922],"r":[3585],"x":[0]}
{"idx":[17434],"r":[3585],"x":[0]}
{"idx":[18458],"r":[3585],"x":[0]}
{"idx":[18970],"r":[3585],"x":[0]}
{"idx":[19482],"r":[3585],"x":[0]}
{"idx":[19994],"r":[3585],"x":[0]}
{"idx":[20506],"r":[3585],"x":[0]}
{"idx":[21530],"r":[3585],"x":[0]}
{"idx":[22042],"r":[3585],"x":[0]}
{"idx":[23066],"r":[3585],"x":[0]}
{"idx":[23578],"r":[3585],"x":[0]}
{"idx":[24602],"r":[3585],"x":[0]}
{"idx":[25114],"r":[3585],"x":[0]}
{"idx":[26138],"r":[3585],"x":[0]}
{"idx":[26650],"r":[3585],"x":[0]}
{"idx":[27162],"r":[3585],"x":[0]}
{"idx":[28186],"r":[3585],"x":[0]}
{"idx":[28698],"r":[3585],"x":[0]}
{"idx":[29210],"r":[3585],"x":[0]}
{"idx":[30234],"r":[3585],"x":[0]}
{"idx":[30746],"r":[3585],"x":[0]}
{"idx":[31258],"r":[3585],"x":[0]}
{"idx":[32282],"r":[3585],"x":[0]}
{"idx":[-32742],"r":[3585],"x":[0]}
{"idx":[-32230],"r":[3585],"x":[0]}
{"idx":[-31718],"r":[3585],"x":[0]}
{"idx":[-31206],"r":[3585],"x":[0]}
{"idx":[-30694],"r":[3585],"x":[0]}
{"idx":[-30182],"r":[3585],"x":[0]}
{"idx":[-29670],"r":[3585],"x":[0]}
{"idx":[-29158],"r":[3585],"x":[0]}
{"idx":[-28134],"r":[3585],"x":[0]}
{"idx":[-23014],"r":[3585],"x":[0]}
{"idx":[-22502],"r":[3585],"x":[0]}
{"idx":[-21990],"r":[3585],"x":[0]}
{"idx":[-21478],"r":[3585],"x":[0]}
{"idx":[-20454],"r":[3585],"x":[0]}
{"idx":[-19942],"r":[3585],"x":[0]}
{"idx":[-19430],"r":[3585],"x":[0]}
{"idx":[-18406],"r":[3585],"x":[0]}
{"idx":[-17894],"r":[3585],"x":[0]}
{"idx":[-16870],"r":[3585],"x":[0]}
{"idx":[-15846],"r":[3585],"x":[0]}
{"idx":[-15334],"r":[3585],"x":[0]}
{"idx":[-14310],"r":[3585],"x":[0]}
{"idx":[-13798],"r":[3585],"x":[0]}
{"idx":[-13286],"r":[3585],"x":[0]}
{"idx":[-12262],"r":[3585],"x":[0]}
{"idx":[-11750],"r":[3585],"x":[0]}
{"idx":[-11238],"r":[3585],"x":[0]}
{"idx":[-10214],"r":[3585],"x":[0]}
{"idx":[-9702],"r":[3585],"x":[0]}
{"idx":[-9190],"r":[3585],"x":[0]}
{"idx":[-8422],"r":[3585],"x":[0]}
{"idx":[-8166],"r":[3585],"x":[0]}
{"idx":[-6886],"r":[3585],"x":[0]}
{"idx":[-5862],"r":[3585],"x":[0]}
{"idx":[-5606],"r":[3585],"x":[0]}
{"idx":[-4070],"r":[3585],"x":[0]}
{"idx":[-3558],"r":[3585],"x":[0]}
{"idx":[-2534],"r":[3585],"x":[0]}
{"idx":[-2022],"r":[3585],"x":[0]}
{"idx":[-1510],"r":[3585],"x":[0]}
{"idx":[-998],"r":[3585],"x":[0]}
{"idx":[26],"r":[3586],"x":[0]}
{"idx":[4122],"r":[3586],"x":[0]}
{"idx":[4634],"r":[3586],"x":[0]}
{"idx":[5146],"r":[3586],"x":[0]}
{"idx":[5658],"r":[3586],"x":[0]}
{"idx":[6170],"r":[3586],"x":[0]}
{"idx":[7194],"r":[3586],"x":[0]}
{"idx":[8218],"r":[3586],"x":[0]}
{"idx":[8730],"r":[3586],"x":[0]}
{"idx":[9754],"r":[3586],"x":[0]}
{"idx":[10266],"r":[3586],"x":[0]}
{"idx":[11290],"r":[3586],"x":[0]}
{"idx":[11802],"r":[3586],"x":[0]}
{"idx":[12314],"r":[3586],"x":[0]}
{"idx":[13338],"r":[3586],"x":[0]}
{"idx":[14362],"r":[3586],"x":[0]}
{"idx":[14874],"r":[3586],"x":[0]}
{"idx":[15898],"r":[3586],"x":[0]}
{"idx":[17946],"r":[3586],"x":[0]}
{"idx":[18458],"r":[3586],"x":[0]}
{"idx":[18970],"r":[3586],"x":[0]}
{"idx":[19482],"r":[3586],"x":[0]}
{"idx":[19994],"r":[3586],"x":[0]}
{"idx":[21018],"r":[3586],"x":[0]}
{"idx":[21530],"r":[3586],"x":[0]}
{"idx":[22042],"r":[3586],"x":[0]}
{"idx":[23066],"r":[3586],"x":[0]}
{"idx":[23578],"r":[3586],"x":[0]}
{"idx":[25626],"r":[3586],"x":[0]}
{"idx":[26138],"r":[3586],"x":[0]}
{"idx":[26650],"r":[3586],"x":[0]}
{"idx":[-31206],"r":[3586],"x":[0]}
{"idx":[-30694],"r":[3586],"x":[0]}
{"idx":[-29670],"r":[3586],"x":[0]}
{"idx":[-29158],"r":[3586],"x":[0]}
{"idx":[-28134],"r":[3586],"x":[0]}
{"idx":[-27622],"r":[3586],"x":[0]}
{"idx":[-26854],"r":[3586],"x":[0]}
{"idx":[-26086],"r":[3586],"x":[0]}
{"idx":[-25574],"r":[3586],"x":[0]}
{"idx":[-25062],"r":[3586],"x":[0]}
{"idx":[-24550],"r":[3586],"x":[0]}
{"idx":[-24038],"r":[3586],"x":[0]}
{"idx":[16410],"r":[3586],"x":[0]}
{"idx":[17434],"r":[3586],"x":[0]}
{"idx":[24602],"r":[3586],"x":[0]}
{"idx":[-23526],"r":[3586],"x":[0]}
{"idx":[-23014],"r":[3586],"x":[0]}
{"idx":[-22502],"r":[3586],"x":[0]}
{"idx":[-21990],"r":[3586],"x":[0]}
{"idx":[-21478],"r":[3586],"x":[0]}
{"idx":[-20710],"r":[3586],"x":[0]}
{"idx":[-19942],"r":[3586],"x":[0]}
{"idx":[-19430],"r":[3586],"x":[0]}
{"idx":[-18406],"r":[3586],"x":[0]}
{"idx":[-17894],"r":[3586],"x":[0]}
{"idx":[-17382],"r":[3586],"x":[0]}
{"idx":[-16870],"r":[3586],"x":[0]}
{"idx":[-15846],"r":[3586],"x":[0]}
{"idx":[-15334],"r":[3586],"x":[0]}
{"idx":[-14822],"r":[3586],"x":[0]}
{"idx":[-14054],"r":[3586],"x":[0]}
{"idx":[-13798],"r":[3586],"x":[0]}
{"idx":[-12774],"r":[3586],"x":[0]}
{"idx":[-12262],"r":[3586],"x":[0]}
{"idx":[-11750],"r":[3586],"x":[0]}
{"idx":[-11238],"r":[3586],"x":[0]}
{"idx":[-8678],"r":[3586],"x":[0]}
{"idx":[-8166],"r":[3586],"x":[0]}
{"idx":[-7398],"r":[3586],"x":[0]}
{"idx":[-6630],"r":[3586],"x":[0]}
{"idx":[-6374],"r":[3586],"x":[0]}
{"idx":[-5862],"r":[3586],"x":[0]}
{"idx":[-5094],"r":[3586],"x":[0]}
{"idx":[-4582],"r":[3586],"x":[0]}
{"idx":[-4070],"r":[3586],"x":[0]}
{"idx":[-3046],"r":[3586],"x":[0]}
{"idx":[-2534],"r":[3586],"x":[0]}
{"idx":[-2022],"r":[3586],"x":[0]}
{"idx":[-998],"r":[3586],"x":[0]}
{"idx":[-486],"r":[3586],"x":[0]}
{"idx":[26],"r":[3587],"x":[0]}
{"idx":[282],"r":[3587],"x":[0]}
{"idx":[538],"r":[3587],"x":[0]}
{"idx":[1050],"r":[3587],"x":[0]}
{"idx":[1562],"r":[3587],"x":[0]}
{"idx":[3098],"r":[3587],"x":[0]}
{"idx":[3610],"r":[3587],"x":[0]}
{"idx":[4634],"r":[3587],"x":[0]}
{"idx":[5658],"r":[3587],"x":[0]}
{"idx":[6170],"r":[3587],"x":[0]}
{"idx":[6682],"r":[3587],"x":[0]}
{"idx":[7194],"r":[3587],"x":[0]}
{"idx":[8218],"r":[3587],"x":[0]}
{"idx":[9242],"r":[3587],"x":[0]}
{"idx":[9754],"r":[3587],"x":[0]}
{"idx":[10778],"r":[3587],"x":[0]}
{"idx":[11290],"r":[3587],"x":[0]}
{"idx":[11802],"r":[3587],"x":[0]}
{"idx":[12314],"r":[3587],"x":[0]}
{"idx":[15898],"r":[3587],"x":[0]}
{"idx":[16410],"r":[3587],"x":[0]}
{"idx":[17434],"r":[3587],"x":[0]}
{"idx":[17946],"r":[3587],"x":[0]}
{"idx":[18970],"r":[3587],"x":[0]}
{"idx":[19994],"r":[3587],"x":[0]}
{"idx":[21018],"r":[3587],"x":[0]}
{"idx":[22042],"r":[3587],"x":[0]}
{"idx":[22554],"r":[3587],"x":[0]}
{"idx":[23066],"r":[3587],"x":[0]}
{"idx":[23578],"r":[3587],"x":[0]}
{"idx":[24090],"r":[3587],"x":[0]}
{"idx":[24602],"r":[3587],"x":[0]}
{"idx":[25114],"r":[3587],"x":[0]}
{"idx":[26138],"r":[3587],"x":[0]}
{"idx":[26650],"r":[3587],"x":[0]}
{"idx":[27674],"r":[3587],"x":[0]}
{"idx":[29722],"r":[3587],"x":[0]}
{"idx":[30234],"r":[3587],"x":[0]}
{"idx":[31258],"r":[3587],"x":[0]}
{"idx":[31770],"r":[3587],"x":[0]}
{"idx":[-32742],"r":[3587],"x":[0]}
{"idx":[-32230],"r":[3587],"x":[0]}
{"idx":[-31206],"r":[3587],"x":[0]}
{"idx":[-30182],"r":[3587],"x":[0]}
{"idx":[-29670],"r":[3587],"x":[0]}
{"idx":[-29158],"r":[3587],"x":[0]}
{"idx":[-28646],"r":[3587],"x":[0]}
{"idx":[-28134],"r":[3587],"x":[0]}
{"idx":[-27366],"r":[3587],"x":[0]}
{"idx":[-26598],"r":[3587],"x":[0]}
{"idx":[-26086],"r":[3587],"x":[0]}
{"idx":[-25062],"r":[3587],"x":[0]}
{"idx":[-22502],"r":[3587],"x":[0]}
{"idx":[-21990],"r":[3587],"x":[0]}
{"idx":[-20966],"r":[3587],"x":[0]}
{"idx":[-20454],"r":[3587],"x":[0]}
{"idx":[-19942],"r":[3587],"x":[0]}
{"idx":[-19430],"r":[3587],"x":[0]}
{"idx":[-18406],"r":[3587],"x":[0]}
{"idx":[-17894],"r":[3587],"x":[0]}
{"idx":[-17382],"r":[3587],"x":[0]}
{"idx":[-16358],"r":[3587],"x":[0]}
{"idx":[-15846],"r":[3587],"x":[0]}
{"idx":[-15334],"r":[3587],"x":[0]}
{"idx":[-14310],"r":[3587],"x":[0]}
{"idx":[-13286],"r":[3587],"x":[0]}
{"idx":[-12774],"r":[3587],"x":[0]}
{"idx":[-12262],"r":[3587],"x":[0]}
{"idx":[-11238],"r":[3587],"x":[0]}
{"idx":[-10726],"r":[3587],"x":[0]}
{"idx":[-10214],"r":[3587],"x":[0]}
{"idx":[-9190],"r":[3587],"x":[0]}
{"idx":[-8678],"r":[3587],"x":[0]}
{"idx":[-8166],"r":[3587],"x":[0]}
{"idx":[-7654],"r":[3587],"x":[0]}
{"idx":[-6630],"r":[3587],"x":[0]}
{"idx":[-6118],"r":[3587],"x":[0]}
{"idx":[-2022],"r":[3587],"x":[0]}
{"idx":[-1510],"r":[3587],"x":[0]}
{"idx":[-742],"r":[3587],"x":[0]}
{"idx":[26],"r":[3588],"x":[0]}
{"idx":[538],"r":[3588],"x":[0]}
{"idx":[1562],"r":[3588],"x":[0]}
{"idx":[2074],"r":[3588],"x":[0]}
{"idx":[2586],"r":[3588],"x":[0]}
{"idx":[6170],"r":[3588],"x":[0]}
{"idx":[6682],"r":[3588],"x":[0]}
{"idx":[7194],"r":[3588],"x":[0]}
{"idx":[8218],"r":[3588],"x":[0]}
{"idx":[8730],"r":[3588],"x":[0]}
{"idx":[9242],"r":[3588],"x":[0]}
{"idx":[9754],"r":[3588],"x":[0]}
{"idx":[10778],"r":[3588],"x":[0]}
{"idx":[11802],"r":[3588],"x":[0]}
{"idx":[12826],"r":[3588],"x":[0]}
{"idx":[13338],"r":[3588],"x":[0]}
{"idx":[13850],"r":[3588],"x":[0]}
{"idx":[14362],"r":[3588],"x":[0]}
{"idx":[14874],"r":[3588],"x":[0]}
{"idx":[15386],"r":[3588],"x":[0]}
{"idx":[15642],"r":[3588],"x":[0]}
{"idx":[16410],"r":[3588],"x":[0]}
{"idx":[16922],"r":[3588],"x":[0]}
{"idx":[17434],"r":[3588],"x":[0]}
{"idx":[18458],"r":[3588],"x":[0]}
{"idx":[18970],"r":[3588],"x":[0]}
{"idx":[19482],"r":[3588],"x":[0]}
{"idx":[19994],"r":[3588],"x":[0]}
{"idx":[20506],"r":[3588],"x":[0]}
{"idx":[21018],"r":[3588],"x":[0]}
{"idx":[22042],"r":[3588],"x":[0]}
{"idx":[23066],"r":[3588],"x":[0]}
{"idx":[24090],"r":[3588],"x":[0]}
{"idx":[24602],"r":[3588],"x":[0]}
{"idx":[25114],"r":[3588],"x":[0]}
{"idx":[25626],"r":[3588],"x":[0]}
{"idx":[26138],"r":[3588],"x":[0]}
{"idx":[27162],"r":[3588],"x":[0]}
{"idx":[30234],"r":[3588],"x":[0]}
{"idx":[30746],"r":[3588],"x":[0]}
{"idx":[31258],"r":[3588],"x":[0]}
{"idx":[31770],"r":[3588],"x":[0]}
{"idx":[32282],"r":[3588],"x":[0]}
{"idx":[-32230],"r":[3588],"x":[0]}
{"idx":[-31718],"r":[3588],"x":[0]}
{"idx":[-31206],"r":[3588],"x":[0]}
{"idx":[-30182],"r":[3588],"x":[0]}
{"idx":[-29670],"r":[3588],"x":[0]}
{"idx":[-28646],"r":[3588],"x":[0]}
{"idx":[-28134],"r":[3588],"x":[0]}
{"idx":[-27622],"r":[3588],"x":[0]}
{"idx":[-26598],"r":[3588],"x":[0]}
{"idx":[-26086],"r":[3588],"x":[0]}
{"idx":[-25062],"r":[3588],"x":[0]}
{"idx":[-24038],"r":[3588],"x":[0]}
{"idx":[-23526],"r":[3588],"x":[0]}
{"idx":[-23014],"r":[3588],"x":[0]}
{"idx":[-21990],"r":[3588],"x":[0]}
{"idx":[-21478],"r":[3588],"x":[0]}
{"idx":[-20710],"r":[3588],"x":[0]}
{"idx":[-19942],"r":[3588],"x":[0]}
{"idx":[-19430],"r":[3588],"x":[0]}
{"idx":[-18406],"r":[3588],"x":[0]}
{"idx":[-17894],"r":[3588],"x":[0]}
{"idx":[-17382],"r":[3588],"x":[0]}
{"idx":[-16870],"r":[3588],"x":[0]}
{"idx":[-16358],"r":[3588],"x":[0]}
{"idx":[-15846],"r":[3588],"x":[0]}
{"idx":[-15334],"r":[3588],"x":[0]}
{"idx":[-14310],"r":[3588],"x":[0]}
{"idx":[-13798],"r":[3588],"x":[0]}
{"idx":[-10214],"r":[3588],"x":[0]}
{"idx":[-9702],"r":[3588],"x":[0]}
{"idx":[-8678],"r":[3588],"x":[0]}
{"idx":[-8166],"r":[3588],"x":[0]}
{"idx":[-7654],"r":[3588],"x":[0]}
{"idx":[-6630],"r":[3588],"x":[0]}
{"idx":[-6118],"r":[3588],"x":[0]}
{"idx":[-5606],"r":[3588],"x":[0]}
{"idx":[-4582],"r":[3588],"x":[0]}
{"idx":[-4070],"r":[3588],"x":[0]}
{"idx":[-3558],"r":[3588],"x":[0]}
{"idx":[-2534],"r":[3588],"x":[0]}
{"idx":[-2022],"r":[3588],"x":[0]}
{"idx":[-1510],"r":[3588],"x":[0]}
{"idx":[-486],"r":[3588],"x":[0]}
{"idx":[282],"r":[3589],"x":[0]}
{"idx":[794],"r":[3589],"x":[0]}
{"idx":[1562],"r":[3589],"x":[0]}
{"idx":[2074],"r":[3589],"x":[0]}
{"idx":[2586],"r":[3589],"x":[0]}
{"idx":[3354],"r":[3589],"x":[0]}
{"idx":[3866],"r":[3589],"x":[0]}
{"idx":[4378],"r":[3589],"x":[0]}
{"idx":[4890],"r":[3589],"x":[0]}
{"idx":[5658],"r":[3589],"x":[0]}
{"idx":[5914],"r":[3589],"x":[0]}
{"idx":[6682],"r":[3589],"x":[0]}
{"idx":[7194],"r":[3589],"x":[0]}
{"idx":[7706],"r":[3589],"x":[0]}
{"idx":[8218],"r":[3589],"x":[0]}
{"idx":[8730],"r":[3589],"x":[0]}
{"idx":[9242],"r":[3589],"x":[0]}
{"idx":[10266],"r":[3589],"x":[0]}
{"idx":[12826],"r":[3589],"x":[0]}
{"idx":[13338],"r":[3589],"x":[0]}
{"idx":[13850],"r":[3589],"x":[0]}
{"idx":[14362],"r":[3589],"x":[0]}
{"idx":[14874],"r":[3589],"x":[0]}
{"idx":[15386],"r":[3589],"x":[0]}
{"idx":[16410],"r":[3589],"x":[0]}
{"idx":[16922],"r":[3589],"x":[0]}
{"idx":[17946],"r":[3589],"x":[0]}
{"idx":[18458],"r":[3589],"x":[0]}
{"idx":[19482],"r":[3589],"x":[0]}
{"idx":[19994],"r":[3589],"x":[0]}
{"idx":[20506],"r":[3589],"x":[0]}
{"idx":[21018],"r":[3589],"x":[0]}
{"idx":[21530],"r":[3589],"x":[0]}
{"idx":[22042],"r":[3589],"x":[0]}
{"idx":[23066],"r":[3589],"x":[0]}
{"idx":[23578],"r":[3589],"x":[0]}
{"idx":[24090],"r":[3589],"x":[0]}
{"idx":[24602],"r":[3589],"x":[0]}
{"idx":[25626],"r":[3589],"x":[0]}
{"idx":[26138],"r":[3589],"x":[0]}
{"idx":[26650],"r":[3589],"x":[0]}
{"idx":[27162],"r":[3589],"x":[0]}
{"idx":[27674],"r":[3589],"x":[0]}
{"idx":[28698],"r":[3589],"x":[0]}
{"idx":[29210],"r":[3589],"x":[0]}
{"idx":[29722],"r":[3589],"x":[0]}
{"idx":[30234],"r":[3589],"x":[0]}
{"idx":[31258],"r":[3589],"x":[0]}
{"idx":[31770],"r":[3589],"x":[0]}
{"idx":[32282],"r":[3589],"x":[0]}
{"idx":[-32230],"r":[3589],"x":[0]}
{"idx":[-30182],"r":[3589],"x":[0]}
{"idx":[-29670],"r":[3589],"x":[0]}
{"idx":[-29158],"r":[3589],"x":[0]}
{"idx":[-28646],"r":[3589],"x":[0]}
{"idx":[-28134],"r":[3589],"x":[0]}
{"idx":[-27622],"r":[3589],"x":[0]}
{"idx":[-26598],"r":[3589],"x":[0]}
{"idx":[-26086],"r":[3589],"x":[0]}
{"idx":[-25574],"r":[3589],"x":[0]}
{"idx":[-24806],"r":[3589],"x":[0]}
{"idx":[-24038],"r":[3589],"x":[0]}
{"idx":[-23526],"r":[3589],"x":[0]}
{"idx":[-23014],"r":[3589],"x":[0]}
{"idx":[-22502],"r":[3589],"x":[0]}
{"idx":[-21990],"r":[3589],"x":[0]}
{"idx":[-20966],"r":[3589],"x":[0]}
{"idx":[-20454],"r":[3589],"x":[0]}
{"idx":[-19942],"r":[3589],"x":[0]}
{"idx":[-19430],"r":[3589],"x":[0]}
{"idx":[-18406],"r":[3589],"x":[0]}
{"idx":[-17382],"r":[3589],"x":[0]}
{"idx":[-16870],"r":[3589],"x":[0]}
{"idx":[-15846],"r":[3589],"x":[0]}
{"idx":[-15078],"r":[3589],"x":[0]}
{"idx":[-14566],"r":[3589],"x":[0]}
{"idx":[-13798],"r":[3589],"x":[0]}
{"idx":[-13286],"r":[3589],"x":[0]}
{"idx":[-12262],"r":[3589],"x":[0]}
{"idx":[-11238],"r":[3589],"x":[0]}
{"idx":[-10726],"r":[3589],"x":[0]}
{"idx":[-10214],"r":[3589],"x":[0]}
{"idx":[-9702],"r":[3589],"x":[0]}
{"idx":[-8678],"r":[3589],"x":[0]}
{"idx":[-7142],"r":[3589],"x":[0]}
{"idx":[-6630],"r":[3589],"x":[0]}
{"idx":[-6118],"r":[3589],"x":[0]}
{"idx":[-5094],"r":[3589],"x":[0]}
{"idx":[-4582],"r":[3589],"x":[0]}
{"idx":[-4070],"r":[3589],"x":[0]}
{"idx":[-3046],"r":[3589],"x":[0]}
{"idx":[-2534],"r":[3589],"x":[0]}
{"idx":[-1510],"r":[3589],"x":[0]}
{"idx":[-998],"r":[3589],"x":[0]}
{"idx":[-486],"r":[3589],"x":[0]}
{"idx":[538],"r":[3590],"x":[0]}
{"idx":[1050],"r":[3590],"x":[0]}
{"idx":[2074],"r":[3590],"x":[0]}
{"idx":[3098],"r":[3590],"x":[0]}
{"idx":[3610],"r":[3590],"x":[0]}
{"idx":[4634],"r":[3590],"x":[0]}
{"idx":[5146],"r":[3590],"x":[0]}
{"idx":[5658],"r":[3590],"x":[0]}
{"idx":[6170],"r":[3590],"x":[0]}
{"idx":[6682],"r":[3590],"x":[0]}
{"idx":[7450],"r":[3590],"x":[0]}
{"idx":[9242],"r":[3590],"x":[0]}
{"idx":[9754],"r":[3590],"x":[0]}
{"idx":[10522],"r":[3590],"x":[0]}
{"idx":[11290],"r":[3590],"x":[0]}
{"idx":[11802],"r":[3590],"x":[0]}
{"idx":[12826],"r":[3590],"x":[0]}
{"idx":[13338],"r":[3590],"x":[0]}
{"idx":[13850],"r":[3590],"x":[0]}
{"idx":[14874],"r":[3590],"x":[0]}
{"idx":[15386],"r":[3590],"x":[0]}
{"idx":[15898],"r":[3590],"x":[0]}
{"idx":[18458],"r":[3590],"x":[0]}
{"idx":[18970],"r":[3590],"x":[0]}
{"idx":[19994],"r":[3590],"x":[0]}
{"idx":[21018],"r":[3590],"x":[0]}
{"idx":[21530],"r":[3590],"x":[0]}
{"idx":[22554],"r":[3590],"x":[0]}
{"idx":[23066],"r":[3590],"x":[0]}
{"idx":[23578],"r":[3590],"x":[0]}
{"idx":[24602],"r":[3590],"x":[0]}
{"idx":[25114],"r":[3590],"x":[0]}
{"idx":[25626],"r":[3590],"x":[0]}
{"idx":[26138],"r":[3590],"x":[0]}
{"idx":[27162],"r":[3590],"x":[0]}
{"idx":[29210],"r":[3590],"x":[0]}
{"idx":[29722],"r":[3590],"x":[0]}
{"idx":[31258],"r":[3590],"x":[0]}
{"idx":[31770],"r":[3590],"x":[0]}
{"idx":[32538],"r":[3590],"x":[0]}
{"idx":[-32230],"r":[3590],"x":[0]}
{"idx":[-31206],"r":[3590],"x":[0]}
{"idx":[-30694],"r":[3590],"x":[0]}
{"idx":[-29670],"r":[3590],"x":[0]}
{"idx":[-29158],"r":[3590],"x":[0]}
{"idx":[-28646],"r":[3590],"x":[0]}
{"idx":[-28134],"r":[3590],"x":[0]}
{"idx":[-27878],"r":[3590],"x":[0]}
{"idx":[-27366],"r":[3590],"x":[0]}
{"idx":[-26854],"r":[3590],"x":[0]}
{"idx":[-26342],"r":[3590],"x":[0]}
{"idx":[-25830],"r":[3590],"x":[0]}
{"idx":[-25062],"r":[3590],"x":[0]}
{"idx":[-24550],"r":[3590],"x":[0]}
{"idx":[-24038],"r":[3590],"x":[0]}
{"idx":[-20966],"r":[3590],"x":[0]}
{"idx":[-20454],"r":[3590],"x":[0]}
{"idx":[-19430],"r":[3590],"x":[0]}
{"idx":[-18918],"r":[3590],"x":[0]}
{"idx":[-18406],"r":[3590],"x":[0]}
{"idx":[-17894],"r":[3590],"x":[0]}
{"idx":[-17382],"r":[3590],"x":[0]}
{"idx":[-16358],"r":[3590],"x":[0]}
{"idx":[-15846],"r":[3590],"x":[0]}
{"idx":[-15078],"r":[3590],"x":[0]}
{"idx":[-14310],"r":[3590],"x":[0]}
{"idx":[-13286],"r":[3590],"x":[0]}
{"idx":[-12774],"r":[3590],"x":[0]}
{"idx":[-11238],"r":[3590],"x":[0]}
{"idx":[-10214],"r":[3590],"x":[0]}
{"idx":[-9190],"r":[3590],"x":[0]}
{"idx":[-8166],"r":[3590],"x":[0]}
{"idx":[-7654],"r":[3590],"x":[0]}
{"idx":[-6630],"r":[3590],"x":[0]}
{"idx":[-6118],"r":[3590],"x":[0]}
{"idx":[-4582],"r":[3590],"x":[0]}
{"idx":[-4070],"r":[3590],"x":[0]}
{"idx":[-3558],"r":[3590],"x":[0]}
{"idx":[-2534],"r":[3590],"x":[0]}
{"idx":[-1510],"r":[3590],"x":[0]}
{"idx":[-230],"r":[3590],"x":[0]}
{"idx":[538],"r":[3591],"x":[0]}
{"idx":[1050],"r":[3591],"x":[0]}
{"idx":[2074],"r":[3591],"x":[0]}
{"idx":[2586],"r":[3591],"x":[0]}
{"idx":[3610],"r":[3591],"x":[0]}
{"idx":[4634],"r":[3591],"x":[0]}
{"idx":[5146],"r":[3591],"x":[0]}
{"idx":[10266],"r":[3591],"x":[0]}
{"idx":[10522],"r":[3591],"x":[0]}
{"idx":[11546],"r":[3591],"x":[0]}
{"idx":[12058],"r":[3591],"x":[0]}
{"idx":[12826],"r":[3591],"x":[0]}
{"idx":[13338],"r":[3591],"x":[0]}
{"idx":[14362],"r":[3591],"x":[0]}
{"idx":[14874],"r":[3591],"x":[0]}
{"idx":[15898],"r":[3591],"x":[0]}
{"idx":[16410],"r":[3591],"x":[0]}
{"idx":[17434],"r":[3591],"x":[0]}
{"idx":[17946],"r":[3591],"x":[0]}
{"idx":[18458],"r":[3591],"x":[0]}
{"idx":[19226],"r":[3591],"x":[0]}
{"idx":[19994],"r":[3591],"x":[0]}
{"idx":[20506],"r":[3591],"x":[0]}
{"idx":[21530],"r":[3591],"x":[0]}
{"idx":[22042],"r":[3591],"x":[0]}
{"idx":[23066],"r":[3591],"x":[0]}
{"idx":[23834],"r":[3591],"x":[0]}
{"idx":[24602],"r":[3591],"x":[0]}
{"idx":[25114],"r":[3591],"x":[0]}
{"idx":[25626],"r":[3591],"x":[0]}
{"idx":[26138],"r":[3591],"x":[0]}
{"idx":[27162],"r":[3591],"x":[0]}
{"idx":[27674],"r":[3591],"x":[0]}
{"idx":[28954],"r":[3591],"x":[0]}
{"idx":[29722],"r":[3591],"x":[0]}
{"idx":[30746],"r":[3591],"x":[0]}
{"idx":[31514],"r":[3591],"x":[0]}
{"idx":[32282],"r":[3591],"x":[0]}
{"idx":[-31974],"r":[3591],"x":[0]}
{"idx":[-31206],"r":[3591],"x":[0]}
{"idx":[-28134],"r":[3591],"x":[0]}
{"idx":[-27622],"r":[3591],"x":[0]}
{"idx":[-27110],"r":[3591],"x":[0]}
{"idx":[-26086],"r":[3591],"x":[0]}
{"idx":[-25062],"r":[3591],"x":[0]}
{"idx":[-24550],"r":[3591],"x":[0]}
{"idx":[-23526],"r":[3591],"x":[0]}
{"idx":[-22758],"r":[3591],"x":[0]}
{"idx":[-21478],"r":[3591],"x":[0]}
{"idx":[-19942],"r":[3591],"x":[0]}
{"idx":[-18918],"r":[3591],"x":[0]}
{"idx":[-17894],"r":[3591],"x":[0]}
{"idx":[-17382],"r":[3591],"x":[0]}
{"idx":[-15846],"r":[3591],"x":[0]}
{"idx":[-14822],"r":[3591],"x":[0]}
{"idx":[-14310],"r":[3591],"x":[0]}
{"idx":[-13286],"r":[3591],"x":[0]}
{"idx":[-12774],"r":[3591],"x":[0]}
{"idx":[-11750],"r":[3591],"x":[0]}
{"idx":[-10726],"r":[3591],"x":[0]}
{"idx":[-10214],"r":[3591],"x":[0]}
{"idx":[-9190],"r":[3591],"x":[0]}
{"idx":[-8166],"r":[3591],"x":[0]}
{"idx":[-7142],"r":[3591],"x":[0]}
{"idx":[-6118],"r":[3591],"x":[0]}
{"idx":[-5606],"r":[3591],"x":[0]}
{"idx":[-4582],"r":[3591],"x":[0]}
{"idx":[-3046],"r":[3591],"x":[0]}
{"idx":[-2534],"r":[3591],"x":[0]}
{"idx":[-2022],"r":[3591],"x":[0]}
{"idx":[-998],"r":[3591],"x":[0]}
{"idx":[-486],"r":[3591],"x":[0]}
{"idx":[538],"r":[3592],"x":[0]}
{"idx":[3610],"r":[3592],"x":[0]}
{"idx":[5658],"r":[3592],"x":[0]}
{"idx":[6170],"r":[3592],"x":[0]}
{"idx":[7194],"r":[3592],"x":[0]}
{"idx":[7706],"r":[3592],"x":[0]}
{"idx":[9242],"r":[3592],"x":[0]}
{"idx":[9754],"r":[3592],"x":[0]}
{"idx":[10778],"r":[3592],"x":[0]}
{"idx":[12570],"r":[3592],"x":[0]}
{"idx":[13338],"r":[3592],"x":[0]}
{"idx":[13850],"r":[3592],"x":[0]}
{"idx":[14874],"r":[3592],"x":[0]}
{"idx":[15386],"r":[3592],"x":[0]}
{"idx":[16922],"r":[3592],"x":[0]}
{"idx":[17946],"r":[3592],"x":[0]}
{"idx":[18970],"r":[3592],"x":[0]}
{"idx":[19482],"r":[3592],"x":[0]}
{"idx":[20506],"r":[3592],"x":[0]}
{"idx":[21018],"r":[3592],"x":[0]}
{"idx":[22042],"r":[3592],"x":[0]}
{"idx":[22554],"r":[3592],"x":[0]}
{"idx":[23578],"r":[3592],"x":[0]}
{"idx":[24602],"r":[3592],"x":[0]}
{"idx":[25370],"r":[3592],"x":[0]}
{"idx":[26138],"r":[3592],"x":[0]}
{"idx":[27162],"r":[3592],"x":[0]}
{"idx":[27674],"r":[3592],"x":[0]}
{"idx":[28186],"r":[3592],"x":[0]}
{"idx":[28698],"r":[3592],"x":[0]}
{"idx":[29722],"r":[3592],"x":[0]}
{"idx":[30234],"r":[3592],"x":[0]}
{"idx":[30746],"r":[3592],"x":[0]}
{"idx":[31770],"r":[3592],"x":[0]}
{"idx":[-31206],"r":[3592],"x":[0]}
{"idx":[-30694],"r":[3592],"x":[0]}
{"idx":[-30182],"r":[3592],"x":[0]}
{"idx":[-29158],"r":[3592],"x":[0]}
{"idx":[-28646],"r":[3592],"x":[0]}
{"idx":[-27622],"r":[3592],"x":[0]}
{"idx":[-27110],"r":[3592],"x":[0]}
{"idx":[-26086],"r":[3592],"x":[0]}
{"idx":[-25574],"r":[3592],"x":[0]}
{"idx":[-24550],"r":[3592],"x":[0]}
{"idx":[-23526],"r":[3592],"x":[0]}
{"idx":[-22502],"r":[3592],"x":[0]}
{"idx":[-20966],"r":[3592],"x":[0]}
{"idx":[-20454],"r":[3592],"x":[0]}
{"idx":[-19942],"r":[3592],"x":[0]}
{"idx":[-18918],"r":[3592],"x":[0]}
{"idx":[-18150],"r":[3592],"x":[0]}
{"idx":[-17382],"r":[3592],"x":[0]}
{"idx":[-16870],"r":[3592],"x":[0]}
{"idx":[-15846],"r":[3592],"x":[0]}
{"idx":[-15334],"r":[3592],"x":[0]}
{"idx":[-14310],"r":[3592],"x":[0]}
{"idx":[-13286],"r":[3592],"x":[0]}
{"idx":[-12262],"r":[3592],"x":[0]}
{"idx":[-11750],"r":[3592],"x":[0]}
{"idx":[-10726],"r":[3592],"x":[0]}
{"idx":[-9190],"r":[3592],"x":[0]}
{"idx":[-8678],"r":[3592],"x":[0]}
{"idx":[-7654],"r":[3592],"x":[0]}
{"idx":[-6886],"r":[3592],"x":[0]}
{"idx":[-6118],"r":[3592],"x":[0]}
{"idx":[-5094],"r":[3592],"x":[0]}
{"idx":[-3558],"r":[3592],"x":[0]}
{"idx":[-1510],"r":[3592],"x":[0]}
{"idx":[-998],"r":[3592],"x":[0]}
{"idx":[26],"r":[3593],"x":[0]}
{"idx":[1562],"r":[3593],"x":[0]}
{"idx":[2074],"r":[3593],"x":[0]}
{"idx":[2586],"r":[3593],"x":[0]}
{"idx":[3610],"r":[3593],"x":[0]}
{"idx":[4122],"r":[3593],"x":[0]}
{"idx":[4634],"r":[3593],"x":[0]}
{"idx":[5658],"r":[3593],"x":[0]}
{"idx":[6170],"r":[3593],"x":[0]}
{"idx":[6682],"r":[3593],"x":[0]}
{"idx":[7194],"r":[3593],"x":[0]}
{"idx":[7706],"r":[3593],"x":[0]}
{"idx":[8218],"r":[3593],"x":[0]}
{"idx":[9242],"r":[3593],"x":[0]}
{"idx":[9754],"r":[3593],"x":[0]}
{"idx":[10266],"r":[3593],"x":[0]}
{"idx":[10778],"r":[3593],"x":[0]}
{"idx":[11290],"r":[3593],"x":[0]}
{"idx":[11802],"r":[3593],"x":[0]}
{"idx":[12314],"r":[3593],"x":[0]}
{"idx":[12826],"r":[3593],"x":[0]}
{"idx":[13338],"r":[3593],"x":[0]}
{"idx":[14106],"r":[3593],"x":[0]}
{"idx":[14874],"r":[3593],"x":[0]}
{"idx":[15386],"r":[3593],"x":[0]}
{"idx":[15898],"r":[3593],"x":[0]}
{"idx":[16666],"r":[3593],"x":[0]}
{"idx":[17946],"r":[3593],"x":[0]}
{"idx":[18970],"r":[3593],"x":[0]}
{"idx":[19994],"r":[3593],"x":[0]}
{"idx":[21274],"r":[3593],"x":[0]}
{"idx":[23578],"r":[3593],"x":[0]}
{"idx":[24090],"r":[3593],"x":[0]}
{"idx":[25114],"r":[3593],"x":[0]}
{"idx":[25626],"r":[3593],"x":[0]}
{"idx":[26138],"r":[3593],"x":[0]}
{"idx":[26650],"r":[3593],"x":[0]}
{"idx":[27674],"r":[3593],"x":[0]}
{"idx":[28698],"r":[3593],"x":[0]}
{"idx":[29722],"r":[3593],"x":[0]}
{"idx":[30234],"r":[3593],"x":[0]}
{"idx":[31258],"r":[3593],"x":[0]}
{"idx":[32282],"r":[3593],"x":[0]}
{"idx":[-32230],"r":[3593],"x":[0]}
{"idx":[-31718],"r":[3593],"x":[0]}
{"idx":[-30694],"r":[3593],"x":[0]}
{"idx":[-29670],"r":[3593],"x":[0]}
{"idx":[-28902],"r":[3593],"x":[0]}
{"idx":[-28134],"r":[3593],"x":[0]}
{"idx":[-27622],"r":[3593],"x":[0]}
{"idx":[-26598],"r":[3593],"x":[0]}
{"idx":[-26086],"r":[3593],"x":[0]}
{"idx":[-24550],"r":[3593],"x":[0]}
{"idx":[-23526],"r":[3593],"x":[0]}
{"idx":[-22502],"r":[3593],"x":[0]}
{"idx":[-21478],"r":[3593],"x":[0]}
{"idx":[-20454],"r":[3593],"x":[0]}
{"idx":[-19942],"r":[3593],"x":[0]}
{"idx":[-19430],"r":[3593],"x":[0]}
{"idx":[-18918],"r":[3593],"x":[0]}
{"idx":[-17894],"r":[3593],"x":[0]}
{"idx":[-16870],"r":[3593],"x":[0]}
{"idx":[-16358],"r":[3593],"x":[0]}
{"idx":[-15334],"r":[3593],"x":[0]}
{"idx":[-13286],"r":[3593],"x":[0]}
{"idx":[-12774],"r":[3593],"x":[0]}
{"idx":[-11238],"r":[3593],"x":[0]}
{"idx":[-10726],"r":[3593],"x":[0]}
{"idx":[-9702],"r":[3593],"x":[0]}
{"idx":[-9190],"r":[3593],"x":[0]}
{"idx":[-8166],"r":[3593],"x":[0]}
{"idx":[-7654],"r":[3593],"x":[0]}
{"idx":[-6630],"r":[3593],"x":[0]}
{"idx":[-6118],"r":[3593],"x":[0]}
{"idx":[-5606],"r":[3593],"x":[0]}
{"idx":[-4582],"r":[3593],"x":[0]}
{"idx":[-3558],"r":[3593],"x":[0]}
{"idx":[-2534],"r":[3593],"x":[0]}
{"idx":[-2022],"r":[3593],"x":[0]}
{"idx":[-1510],"r":[3593],"x":[0]}
{"idx":[-486],"r":[3593],"x":[0]}
{"idx":[2074],"r":[3594],"x":[0]}
{"idx":[3098],"r":[3594],"x":[0]}
{"idx":[4122],"r":[3594],"x":[0]}
{"idx":[4634],"r":[3594],"x":[0]}
{"idx":[6170],"r":[3594],"x":[0]}
{"idx":[7706],"r":[3594],"x":[0]}
{"idx":[8730],"r":[3594],"x":[0]}
{"idx":[9754],"r":[3594],"x":[0]}
{"idx":[10266],"r":[3594],"x":[0]}
{"idx":[11290],"r":[3594],"x":[0]}
{"idx":[11802],"r":[3594],"x":[0]}
{"idx":[12826],"r":[3594],"x":[0]}
{"idx":[13850],"r":[3594],"x":[0]}
{"idx":[14362],"r":[3594],"x":[0]}
{"idx":[15386],"r":[3594],"x":[0]}
{"idx":[15898],"r":[3594],"x":[0]}
{"idx":[17946],"r":[3594],"x":[0]}
{"idx":[18714],"r":[3594],"x":[0]}
{"idx":[20250],"r":[3594],"x":[0]}
{"idx":[21274],"r":[3594],"x":[0]}
{"idx":[22042],"r":[3594],"x":[0]}
{"idx":[23066],"r":[3594],"x":[0]}
{"idx":[24090],"r":[3594],"x":[0]}
{"idx":[24602],"r":[3594],"x":[0]}
{"idx":[25626],"r":[3594],"x":[0]}
{"idx":[26650],"r":[3594],"x":[0]}
{"idx":[27162],"r":[3594],"x":[0]}
{"idx":[28186],"r":[3594],"x":[0]}
{"idx":[28698],"r":[3594],"x":[0]}
{"idx":[30746],"r":[3594],"x":[0]}
{"idx":[31258],"r":[3594],"x":[0]}
{"idx":[32282],"r":[3594],"x":[0]}
{"idx":[-32742],"r":[3594],"x":[0]}
{"idx":[-31206],"r":[3594],"x":[0]}
{"idx":[-30182],"r":[3594],"x":[0]}
{"idx":[-29670],"r":[3594],"x":[0]}
{"idx":[-28902],"r":[3594],"x":[0]}
{"idx":[-25062],"r":[3594],"x":[0]}
{"idx":[-24038],"r":[3594],"x":[0]}
{"idx":[-23526],"r":[3594],"x":[0]}
{"idx":[-22502],"r":[3594],"x":[0]}
{"idx":[-21478],"r":[3594],"x":[0]}
{"idx":[-20454],"r":[3594],"x":[0]}
{"idx":[-19942],"r":[3594],"x":[0]}
{"idx":[-18918],"r":[3594],"x":[0]}
{"idx":[-17382],"r":[3594],"x":[0]}
{"idx":[-16358],"r":[3594],"x":[0]}
{"idx":[-14822],"r":[3594],"x":[0]}
{"idx":[-13798],"r":[3594],"x":[0]}
{"idx":[-11750],"r":[3594],"x":[0]}
{"idx":[-11238],"r":[3594],"x":[0]}
{"idx":[-10726],"r":[3594],"x":[0]}
{"idx":[-10214],"r":[3594],"x":[0]}
{"idx":[-9190],"r":[3594],"x":[0]}
{"idx":[-8678],"r":[3594],"x":[0]}
{"idx":[-7654],"r":[3594],"x":[0]}
{"idx":[-7142],"r":[3594],"x":[0]}
{"idx":[-6118],"r":[3594],"x":[0]}
{"idx":[-5606],"r":[3594],"x":[0]}
{"idx":[-4582],"r":[3594],"x":[0]}
{"idx":[-4070],"r":[3594],"x":[0]}
{"idx":[-3046],"r":[3594],"x":[0]}
{"idx":[-2534],"r":[3594],"x":[0]}
{"idx":[-2022],"r":[3594],"x":[0]}
{"idx":[-486],"r":[3594],"x":[0]}
{"idx":[26],"r":[3595],"x":[0]}
{"idx":[538],"r":[3595],"x":[0]}
{"idx":[1050],"r":[3595],"x":[0]}
{"idx":[2074],"r":[3595],"x":[0]}
{"idx":[2586],"r":[3595],"x":[0]}
{"idx":[3098],"r":[3595],"x":[0]}
{"idx":[4122],"r":[3595],"x":[0]}
{"idx":[5658],"r":[3595],"x":[0]}
{"idx":[6170],"r":[3595],"x":[0]}
{"idx":[6682],"r":[3595],"x":[0]}
{"idx":[7450],"r":[3595],"x":[0]}
{"idx":[8218],"r":[3595],"x":[0]}
{"idx":[9242],"r":[3595],"x":[0]}
{"idx":[9754],"r":[3595],"x":[0]}
{"idx":[10778],"r":[3595],"x":[0]}
{"idx":[11290],"r":[3595],"x":[0]}
{"idx":[12314],"r":[3595],"x":[0]}
{"idx":[13850],"r":[3595],"x":[0]}
{"idx":[14362],"r":[3595],"x":[0]}
{"idx":[15386],"r":[3595],"x":[0]}
{"idx":[15898],"r":[3595],"x":[0]}
{"idx":[16922],"r":[3595],"x":[0]}
{"idx":[17434],"r":[3595],"x":[0]}
{"idx":[18458],"r":[3595],"x":[0]}
{"idx":[18970],"r":[3595],"x":[0]}
{"idx":[19994],"r":[3595],"x":[0]}
{"idx":[21018],"r":[3595],"x":[0]}
{"idx":[21530],"r":[3595],"x":[0]}
{"idx":[22554],"r":[3595],"x":[0]}
{"idx":[23066],"r":[3595],"x":[0]}
{"idx":[24090],"r":[3595],"x":[0]}
{"idx":[24602],"r":[3595],"x":[0]}
{"idx":[25626],"r":[3595],"x":[0]}
{"idx":[26138],"r":[3595],"x":[0]}
{"idx":[27162],"r":[3595],"x":[0]}
{"idx":[28186],"r":[3595],"x":[0]}
{"idx":[28698],"r":[3595],"x":[0]}
{"idx":[29722],"r":[3595],"x":[0]}
{"idx":[30234],"r":[3595],"x":[0]}
{"idx":[31258],"r":[3595],"x":[0]}
{"idx":[31770],"r":[3595],"x":[0]}
{"idx":[-32742],"r":[3595],"x":[0]}
{"idx":[-31718],"r":[3595],"x":[0]}
{"idx":[-31206],"r":[3595],"x":[0]}
{"idx":[-30182],"r":[3595],"x":[0]}
{"idx":[-29158],"r":[3595],"x":[0]}
{"idx":[-28646],"r":[3595],"x":[0]}
{"idx":[-27622],"r":[3595],"x":[0]}
{"idx":[-26598],"r":[3595],"x":[0]}
{"idx":[-25574],"r":[3595],"x":[0]}
{"idx":[-22502],"r":[3595],"x":[0]}
{"idx":[-20966],"r":[3595],"x":[0]}
{"idx":[-20454],"r":[3595],"x":[0]}
{"idx":[-18918],"r":[3595],"x":[0]}
{"idx":[-18406],"r":[3595],"x":[0]}
{"idx":[-17638],"r":[3595],"x":[0]}
{"idx":[-16870],"r":[3595],"x":[0]}
{"idx":[-15846],"r":[3595],"x":[0]}
{"idx":[-15334],"r":[3595],"x":[0]}
{"idx":[-14310],"r":[3595],"x":[0]}
{"idx":[-13286],"r":[3595],"x":[0]}
{"idx":[-12774],"r":[3595],"x":[0]}
{"idx":[-11750],"r":[3595],"x":[0]}
{"idx":[-10214],"r":[3595],"x":[0]}
{"idx":[-9190],"r":[3595],"x":[0]}
{"idx":[-8678],"r":[3595],"x":[0]}
{"idx":[-7142],"r":[3595],"x":[0]}
{"idx":[-5606],"r":[3595],"x":[0]}
{"idx":[-4582],"r":[3595],"x":[0]}
{"idx":[-3558],"r":[3595],"x":[0]}
{"idx":[-2534],"r":[3595],"x":[0]}
{"idx":[-2022],"r":[3595],"x":[0]}
{"idx":[-998],"r":[3595],"x":[0]}
{"idx":[26],"r":[3596],"x":[0]}
{"idx":[538],"r":[3596],"x":[0]}
{"idx":[1562],"r":[3596],"x":[0]}
{"idx":[2586],"r":[3596],"x":[0]}
{"idx":[3098],"r":[3596],"x":[0]}
{"idx":[4378],"r":[3596],"x":[0]}
{"idx":[5146],"r":[3596],"x":[0]}
{"idx":[5658],"r":[3596],"x":[0]}
{"idx":[6682],"r":[3596],"x":[0]}
{"idx":[7194],"r":[3596],"x":[0]}
{"idx":[9754],"r":[3596],"x":[0]}
{"idx":[10266],"r":[3596],"x":[0]}
{"idx":[11290],"r":[3596],"x":[0]}
{"idx":[12314],"r":[3596],"x":[0]}
{"idx":[12826],"r":[3596],"x":[0]}
{"idx":[13338],"r":[3596],"x":[0]}
{"idx":[13850],"r":[3596],"x":[0]}
{"idx":[14874],"r":[3596],"x":[0]}
{"idx":[15898],"r":[3596],"x":[0]}
{"idx":[16922],"r":[3596],"x":[0]}
{"idx":[18458],"r":[3596],"x":[0]}
{"idx":[18970],"r":[3596],"x":[0]}
{"idx":[19994],"r":[3596],"x":[0]}
{"idx":[20506],"r":[3596],"x":[0]}
{"idx":[21018],"r":[3596],"x":[0]}
{"idx":[22554],"r":[3596],"x":[0]}
{"idx":[23578],"r":[3596],"x":[0]}
{"idx":[25114],"r":[3596],"x":[0]}
{"idx":[25626],"r":[3596],"x":[0]}
{"idx":[26650],"r":[3596],"x":[0]}
{"idx":[27674],"r":[3596],"x":[0]}
{"idx":[28186],"r":[3596],"x":[0]}
{"idx":[29210],"r":[3596],"x":[0]}
{"idx":[29722],"r":[3596],"x":[0]}
{"idx":[31002],"r":[3596],"x":[0]}
{"idx":[31770],"r":[3596],"x":[0]}
{"idx":[32538],"r":[3596],"x":[0]}
{"idx":[-32230],"r":[3596],"x":[0]}
{"idx":[-31206],"r":[3596],"x":[0]}
{"idx":[-30182],"r":[3596],"x":[0]}
{"idx":[-29670],"r":[3596],"x":[0]}
{"idx":[-28646],"r":[3596],"x":[0]}
{"idx":[-28134],"r":[3596],"x":[0]}
{"idx":[-25574],"r":[3596],"x":[0]}
{"idx":[-24038],"r":[3596],"x":[0]}
{"idx":[-23014],"r":[3596],"x":[0]}
{"idx":[-21990],"r":[3596],"x":[0]}
{"idx":[-21478],"r":[3596],"x":[0]}
{"idx":[-20966],"r":[3596],"x":[0]}
{"idx":[-19942],"r":[3596],"x":[0]}
{"idx":[-19430],"r":[3596],"x":[0]}
{"idx":[-18150],"r":[3596],"x":[0]}
{"idx":[-16870],"r":[3596],"x":[0]}
{"idx":[-15846],"r":[3596],"x":[0]}
{"idx":[-14822],"r":[3596],"x":[0]}
{"idx":[26],"r":[3584],"x":[0]}
{"idx":[282],"r":[3584],"x":[0]}
{"idx":[538],"r":[3584],"x":[0]}
{"idx":[794],"r":[3584],"x":[0]}
{"idx":[1050],"r":[3584],"x":[0]}
{"idx":[1306],"r":[3584],"x":[0]}
{"idx":[1562],"r":[3584],"x":[0]}
{"idx":[1818],"r":[3584],"x":[0]}
{"idx":[2074],"r":[3584],"x":[0]}
{"idx":[2330],"r":[3584],"x":[0]}
{"idx":[2586],"r":[3584],"x":[0]}
{"idx":[2842],"r":[3584],"x":[0]}
{"idx":[3098],"r":[3584],"x":[0]}
{"idx":[3354],"r":[3584],"x":[0]}
{"idx":[3610],"r":[3584],"x":[0]}
{"idx":[3866],"r":[3584],"x":[0]}
{"idx":[4122],"r":[3584],"x":[0]}
{"idx":[4378],"r":[3584],"x":[0]}
{"idx":[4634],"r":[3584],"x":[0]}
{"idx":[4890],"r":[3584],"x":[0]}
{"idx":[5146],"r":[3584],"x":[0]}
{"idx":[5402],"r":[3584],"x":[0]}
{"idx":[5658],"r":[3584],"x":[0]}
{"idx":[5914],"r":[3584],"x":[0]}
{"idx":[6170],"r":[3584],"x":[0]}
{"idx":[6426],"r":[3584],"x":[0]}
{"idx":[6682],"r":[3584],"x":[0]}
{"idx":[6938],"r":[3584],"x":[0]}
{"idx":[7194],"r":[3584],"x":[0]}
{"idx":[7450],"r":[3584],"x":[0]}
{"idx":[7706],"r":[3584],"x":[0]}
{"idx":[7962],"r":[3584],"x":[0]}
{"idx":[8218],"r":[3584],"x":[0]}
{"idx":[8474],"r":[3584],"x":[0]}
{"idx":[8730],"r":[3584],"x":[0]}
{"idx":[8986],"r":[3584],"x":[0]}
{"idx":[9242],"r":[3584],"x":[0]}
{"idx":[9498],"r":[3584],"x":[0]}
{"idx":[9754],"r":[3584],"x":[0]}
{"idx":[10010],"r":[3584],"x":[0]}
{"idx":[10266],"r":[3584],"x":[0]}
{"idx":[10522],"r":[3584],"x":[0]}
{"idx":[10778],"r":[3584],"x":[0]}
{"idx":[11034],"r":[3584],"x":[0]}
{"idx":[11290],"r":[3584],"x":[0]}
{"idx":[11546],"r":[3584],"x":[0]}
{"idx":[11802],"r":[3584],"x":[0]}
{"idx":[12058],"r":[3584],"x":[0]}
{"idx":[12314],"r":[3584],"x":[0]}
{"idx":[12570],"r":[3584],"x":[0]}
{"idx":[12826],"r":[3584],"x":[0]}
{"idx":[13082],"r":[3584],"x":[0]}
{"idx":[13338],"r":[3584],"x":[0]}
{"idx":[13594],"r":[3584],"x":[0]}
{"idx":[13850],"r":[3584],"x":[0]}
{"idx":[14106],"r":[3584],"x":[0]}
{"idx":[14362],"r":[3584],"x":[0]}
{"idx":[14618],"r":[3584],"x":[0]}
{"idx":[14874],"r":[3584],"x":[0]}
{"idx":[15130],"r":[3584],"x":[0]}
{"idx":[15386],"r":[3584],"x":[0]}
{"idx":[15642],"r":[3584],"x":[0]}
{"idx":[15898],"r":[3584],"x":[0]}
{"idx":[16154],"r":[3584],"x":[0]}
{"idx":[16410],"r":[3584],"x":[0]}
{"idx":[16666],"r":[3584],"x":[0]}
{"idx":[16922],"r":[3584],"x":[0]}
{"idx":[17178],"r":[3584],"x":[0]}
{"idx":[17434],"r":[3584],"x":[0]}
{"idx":[17690],"r":[3584],"x":[0]}
{"idx":[17946],"r":[3584],"x":[0]}
{"idx":[18202],"r":[3584],"x":[0]}
{"idx":[18458],"r":[3584],"x":[0]}
{"idx":[18714],"r":[3584],"x":[0]}
{"idx":[18970],"r":[3584],"x":[0]}
{"idx":[19226],"r":[3584],"x":[0]}
{"idx":[19482],"r":[3584],"x":[0]}
{"idx":[19738],"r":[3584],"x":[0]}
{"idx":[19994],"r":[3584],"x":[0]}
{"idx":[20250],"r":[3584],"x":[0]}
{"idx":[20506],"r":[3584],"x":[0]}
{"idx":[20762],"r":[3584],"x":[0]}
{"idx":[21018],"r":[3584],"x":[0]}
{"idx":[21530],"r":[3584],"x":[0]}
{"idx":[22042],"r":[3584],"x":[0]}
{"idx":[23066],"r":[3584],"x":[0]}
{"idx":[23578],"r":[3584],"x":[0]}
{"idx":[24090],"r":[3584],"x":[0]}
{"idx":[25114],"r":[3584],"x":[0]}
{"idx":[25626],"r":[3584],"x":[0]}
{"idx":[26138],"r":[3584],"x":[0]}
{"idx":[26650],"r":[3584],"x":[0]}
{"idx":[27674],"r":[3584],"x":[0]}
{"idx":[28186],"r":[3584],"x":[0]}
{"idx":[29466],"r":[3584],"x":[0]}
{"idx":[30234],"r":[3584],"x":[0]}
{"idx":[31258],"r":[3584],"x":[0]}
{"idx":[32282],"r":[3584],"x":[0]}
{"idx":[-32742],"r":[3584],"x":[0]}
{"idx":[-32230],"r":[3584],"x":[0]}
{"idx":[-31718],"r":[3584],"x":[0]}
{"idx":[-31206],"r":[3584],"x":[0]}
{"idx":[-30694],"r":[3584],"x":[0]}
{"idx":[-30182],"r":[3584],"x":[0]}
{"idx":[-29670],"r":[3584],"x":[0]}
{"idx":[-29158],"r":[3584],"x":[0]}
{"idx":[-28646],"r":[3584],"x":[0]}
{"idx":[-28134],"r":[3584],"x":[0]}
{"idx":[-27622],"r":[3584],"x":[0]}
{"idx":[-27110],"r":[3584],"x":[0]}
{"idx":[-26598],"r":[3584],"x":[0]}
{"idx":[-26086],"r":[3584],"x":[0]}
{"idx":[-25574],"r":[3584],"x":[0]}
{"idx":[-25062],"r":[3584],"x":[0]}
{"idx":[-21478],"r":[3584],"x":[0]}
{"idx":[-20454],"r":[3584],"x":[0]}
{"idx":[-19942],"r":[3584],"x":[0]}
{"idx":[-19430],"r":[3584],"x":[0]}
{"idx":[-18918],"r":[3584],"x":[0]}
{"idx":[-17382],"r":[3584],"x":[0]}
{"idx":[-9702],"r":[3584],"x":[0]}
{"idx":[-9190],"r":[3584],"x":[0]}
{"idx":[-8678],"r":[3584],"x":[0]}
{"idx":[-7654],"r":[3584],"x":[0]}
{"idx":[-7398],"r":[3584],"x":[0]}
{"idx":[-6630],"r":[3584],"x":[0]}
{"idx":[-6118],"r":[3584],"x":[0]}
{"idx":[-5094],"r":[3584],"x":[0]}
{"idx":[-4582],"r":[3584],"x":[0]}
{"idx":[-3558],"r":[3584],"x":[0]}
{"idx":[-2534],"r":[3584],"x":[0]}
{"idx":[-2022],"r":[3584],"x":[0]}
{"idx":[-998],"r":[3584],"x":[0]}
{"idx":[-486],"r":[3584],"x":[0]}
{"idx":[26],"r":[3585],"x":[0]}
{"idx":[538],"r":[3585],"x":[0]}
{"idx":[1562],"r":[3585],"x":[0]}
{"idx":[2074],"r":[3585],"x":[0]}
{"idx":[3098],"r":[3585],"x":[0]}
{"idx":[3610],"r":[3585],"x":[0]}
{"idx":[4122],"r":[3585],"x":[0]}
{"idx":[4634],"r":[3585],"x":[0]}
{"idx":[5402],"r":[3585],"x":[0]}
{"idx":[5914],"r":[3585],"x":[0]}
{"idx":[6426],"r":[3585],"x":[0]}
{"idx":[7194],"r":[3585],"x":[0]}
{"idx":[7706],"r":[3585],"x":[0]}
{"idx":[9242],"r":[3585],"x":[0]}
{"idx":[9754],"r":[3585],"x":[0]}
{"idx":[10522],"r":[3585],"x":[0]}
{"idx":[11290],"r":[3585],"x":[0]}
{"idx":[11802],"r":[3585],"x":[0]}
{"idx":[12314],"r":[3585],"x":[0]}
{"idx":[16922],"r":[3585],"x":[0]}
{"idx":[17434],"r":[3585],"x":[0]}
{"idx":[17946],"r":[3585],"x":[0]}
{"idx":[18458],"r":[3585],"x":[0]}
{"idx":[18970],"r":[3585],"x":[0]}
{"idx":[19482],"r":[3585],"x":[0]}
{"idx":[19994],"r":[3585],"x":[0]}
{"idx":[20506],"r":[3585],"x":[0]}
{"idx":[21018],"r":[3585],"x":[0]}
{"idx":[22042],"r":[3585],"x":[0]}
{"idx":[22554],"r":[3585],"x":[0]}
{"idx":[23066],"r":[3585],"x":[0]}
{"idx":[23578],"r":[3585],"x":[0]}
{"idx":[24090],"r":[3585],"x":[0]}
{"idx":[25114],"r":[3585],"x":[0]}
{"idx":[25626],"r":[3585],"x":[0]}
{"idx":[26138],"r":[3585],"x":[0]}
{"idx":[26650],"r":[3585],"x":[0]}
{"idx":[27162],"r":[3585],"x":[0]}
{"idx":[28186],"r":[3585],"x":[0]}
{"idx":[28698],"r":[3585],"x":[0]}
{"idx":[29210],"r":[3585],"x":[0]}
{"idx":[30234],"r":[3585],"x":[0]}
{"idx":[30746],"r":[3585],"x":[0]}
{"idx":[31258],"r":[3585],"x":[0]}
{"idx":[32282],"r":[3585],"x":[0]}
{"idx":[-32230],"r":[3585],"x":[0]}
{"idx":[-31718],"r":[3585],"x":[0]}
{"idx":[-31206],"r":[3585],"x":[0]}
{"idx":[-30694],"r":[3585],"x":[0]}
{"idx":[-30182],"r":[3585],"x":[0]}
{"idx":[-29158],"r":[3585],"x":[0]}
{"idx":[-28646],"r":[3585],"x":[0]}
{"idx":[-24038],"r":[3585],"x":[0]}
{"idx":[-23526],"r":[3585],"x":[0]}
{"idx":[-22502],"r":[3585],"x":[0]}
{"idx":[-21990],"r":[3585],"x":[0]}
{"idx":[-20966],"r":[3585],"x":[0]}
{"idx":[-20454],"r":[3585],"x":[0]}
{"idx":[-19942],"r":[3585],"x":[0]}
{"idx":[-19430],"r":[3585],"x":[0]}
{"idx":[-18406],"r":[3585],"x":[0]}
{"idx":[-17894],"r":[3585],"x":[0]}
{"idx":[-16870],"r":[3585],"x":[0]}
{"idx":[-16358],"r":[3585],"x":[0]}
{"idx":[26],"r":[3584],"x":[0]}
{"idx":[282],"r":[3584],"x":[0]}
{"idx":[538],"r":[3584],"x":[0]}
{"idx":[794],"r":[3584],"x":[0]}
{"idx":[1050],"r":[3584],"x":[0]}
{"idx":[1306],"r":[3584],"x":[0]}
{"idx":[1562],"r":[3584],"x":[0]}
{"idx":[1818],"r":[3584],"x":[0]}
{"idx":[2074],"r":[3584],"x":[0]}
{"idx":[2330],"r":[3584],"x":[0]}
{"idx":[2586],"r":[3584],"x":[0]}
{"idx":[2842],"r":[3584],"x":[0]}
{"idx":[3098],"r":[3584],"x":[0]}
{"idx":[3354],"r":[3584],"x":[0]}
{"idx":[3610],"r":[3584],"x":[0]}
{"idx":[3866],"r":[3584],"x":[0]}
{"idx":[4122],"r":[3584],"x":[0]}
{"idx":[4378],"r":[3584],"x":[0]}
{"idx":[4634],"r":[3584],"x":[0]}
{"idx":[4890],"r":[3584],"x":[0]}
{"idx":[5146],"r":[3584],"x":[0]}
{"idx":[5402],"r":[3584],"x":[0]}
{"idx":[5658],"r":[3584],"x":[0]}
{"idx":[5914],"r":[3584],"x":[0]}
{"idx":[6170],"r":[3584],"x":[0]}
{"idx":[6426],"r":[3584],"x":[0]}
{"idx":[6682],"r":[3584],"x":[0]}
{"idx":[6938],"r":[3584],"x":[0]}
{"idx":[7194],"r":[3584],"x":[0]}
{"idx":[7450],"r":[3584],"x":[0]}
{"idx":[7706],"r":[3584],"x":[0]}
{"idx":[7962],"r":[3584],"x":[0]}
{"idx":[8218],"r":[3584],"x":[0]}
{"idx":[8474],"r":[3584],"x":[0]}
{"idx":[8730],"r":[3584],"x":[0]}
{"idx":[8986],"r":[3584],"x":[0]}
{"idx":[9242],"r":[3584],"x":[0]}
{"idx":[9498],"r":[3584],"x":[0]}
{"idx":[9754],"r":[3584],"x":[0]}
{"idx":[10010],"r":[3584],"x":[0]}
{"idx":[10266],"r":[3584],"x":[0]}
{"idx":[10522],"r":[3584],"x":[0]}
{"idx":[10778],"r":[3584],"x":[0]}
{"idx":[11034],"r":[3584],"x":[0]}
{"idx":[11290],"r":[3584],"x":[0]}
{"idx":[11546],"r":[3584],"x":[0]}
{"idx":[11802],"r":[3584],"x":[0]}
{"idx":[12058],"r":[3584],"x":[0]}
{"idx":[12314],"r":[3584],"x":[0]}
{"idx":[12570],"r":[3584],"x":[0]}
{"idx":[12826],"r":[3584],"x":[0]}
{"idx":[13082],"r":[3584],"x":[0]}
{"idx":[13338],"r":[3584],"x":[0]}
{"idx":[13594],"r":[3584],"x":[0]}
{"idx":[13850],"r":[3584],"x":[0]}
{"idx":[14106],"r":[3584],"x":[0]}
{"idx":[14362],"r":[3584],"x":[0]}
{"idx":[14618],"r":[3584],"x":[0]}
{"idx":[14874],"r":[3584],"x":[0]}
{"idx":[15130],"r":[3584],"x":[0]}
{"idx":[15386],"r":[3584],"x":[0]}
{"idx":[15642],"r":[3584],"x":[0]}
{"idx":[15898],"r":[3584],"x":[0]}
{"idx":[16154],"r":[3584],"x":[0]}
{"idx":[16410],"r":[3584],"x":[0]}
{"idx":[16666],"r":[3584],"x":[0]}
{"idx":[16922],"r":[3584],"x":[0]}
{"idx":[17178],"r":[3584],"x":[0]}
{"idx":[17434],"r":[3584],"x":[0]}
{"idx":[17690],"r":[3584],"x":[0]}
{"idx":[17946],"r":[3584],"x":[0]}
{"idx":[18202],"r":[3584],"x":[0]}
{"idx":[18458],"r":[3584],"x":[0]}
{"idx":[18714],"r":[3584],"x":[0]}
{"idx":[18970],"r":[3584],"x":[0]}
{"idx":[19226],"r":[3584],"x":[0]}
{"idx":[19482],"r":[3584],"x":[0]}
{"idx":[19738],"r":[3584],"x":[0]}
{"idx":[19994],"r":[3584],"x":[0]}
{"idx":[20250],"r":[3584],"x":[0]}
{"idx":[20506],"r":[3584],"x":[0]}
{"idx":[20762],"r":[3584],"x":[0]}
{"idx":[21018],"r":[3584],"x":[0]}
{"idx":[21274],"r":[3584],"x":[0]}
{"idx":[21530],"r":[3584],"x":[0]}
{"idx":[22042],"r":[3584],"x":[0]}
{"idx":[22554],"r":[3584],"x":[0]}
{"idx":[24090],"r":[3584],"x":[0]}
{"idx":[24602],"r":[3584],"x":[0]}
{"idx":[25626],"r":[3584],"x":[0]}
{"idx":[26650],"r":[3584],"x":[0]}
{"idx":[27162],"r":[3584],"x":[0]}
{"idx":[28186],"r":[3584],"x":[0]}
{"idx":[29210],"r":[3584],"x":[0]}
{"idx":[29722],"r":[3584],"x":[0]}
{"idx":[30234],"r":[3584],"x":[0]}
{"idx":[31258],"r":[3584],"x":[0]}
{"idx":[31770],"r":[3584],"x":[0]}
{"idx":[32282],"r":[3584],"x":[0]}
{"idx":[-32486],"r":[3584],"x":[0]}
{"idx":[-31974],"r":[3584],"x":[0]}
{"idx":[-31206],"r":[3584],"x":[0]}
{"idx":[-30950],"r":[3584],"x":[0]}
{"idx":[-29670],"r":[3584],"x":[0]}
{"idx":[-29158],"r":[3584],"x":[0]}
{"idx":[-28902],"r":[3584],"x":[0]}
{"idx":[-28134],"r":[3584],"x":[0]}
{"idx":[-27622],"r":[3584],"x":[0]}
{"idx":[-27110],"r":[3584],"x":[0]}
{"idx":[-26598],"r":[3584],"x":[0]}
{"idx":[-25574],"r":[3584],"x":[0]}
{"idx":[-25062],"r":[3584],"x":[0]}
{"idx":[-24294],"r":[3584],"x":[0]}
{"idx":[-20454],"r":[3584],"x":[0]}
{"idx":[-19942],"r":[3584],"x":[0]}
{"idx":[-19430],"r":[3584],"x":[0]}
{"idx":[-18918],"r":[3584],"x":[0]}
{"idx":[-18150],"r":[3584],"x":[0]}
{"idx":[-17382],"r":[3584],"x":[0]}
{"idx":[-16870],"r":[3584],"x":[0]}
{"idx":[-10726],"r":[3584],"x":[0]}
{"idx":[-9702],"r":[3584],"x":[0]}
{"idx":[-9190],"r":[3584],"x":[0]}
{"idx":[-8678],"r":[3584],"x":[0]}
{"idx":[-8166],"r":[3584],"x":[0]}
{"idx":[-6630],"r":[3584],"x":[0]}
{"idx":[-5606],"r":[3584],"x":[0]}
{"idx":[-5094],"r":[3584],"x":[0]}
{"idx":[-4070],"r":[3584],"x":[0]}
{"idx":[-3046],"r":[3584],"x":[0]}
{"idx":[-2534],"r":[3584],"x":[0]}
{"idx":[-2022],"r":[3584],"x":[0]}
{"idx":[-998],"r":[3584],"x":[0]}
{"idx":[-486],"r":[3584],"x":[0]}
{"idx":[26],"r":[3585],"x":[0]}
{"idx":[1050],"r":[3585],"x":[0]}
{"idx":[1562],"r":[3585],"x":[0]}
{"idx":[2586],"r":[3585],"x":[0]}
{"idx":[3098],"r":[3585],"x":[0]}
{"idx":[3610],"r":[3585],"x":[0]}
{"idx":[4122],"r":[3585],"x":[0]}
{"idx":[4634],"r":[3585],"x":[0]}
{"idx":[5146],"r":[3585],"x":[0]}
{"idx":[5658],"r":[3585],"x":[0]}
{"idx":[6682],"r":[3585],"x":[0]}
{"idx":[7194],"r":[3585],"x":[0]}
{"idx":[7706],"r":[3585],"x":[0]}
{"idx":[8218],"r":[3585],"x":[0]}
{"idx":[8730],"r":[3585],"x":[0]}
{"idx":[9498],"r":[3585],"x":[0]}
{"idx":[9754],"r":[3585],"x":[0]}
{"idx":[10778],"r":[3585],"x":[0]}
{"idx":[11290],"r":[3585],"x":[0]}
{"idx":[14874],"r":[3585],"x":[0]}
{"idx":[15898],"r":[3585],"x":[0]}
{"idx":[16154],"r":[3585],"x":[0]}
{"idx":[16922],"r":[3585],"x":[0]}
{"idx":[17434],"r":[3585],"x":[0]}
{"idx":[17946],"r":[3585],"x":[0]}
{"idx":[18458],"r":[3585],"x":[0]}
{"idx":[18970],"r":[3585],"x":[0]}
{"idx":[19482],"r":[3585],"x":[0]}
{"idx":[20506],"r":[3585],"x":[0]}
{"idx":[21018],"r":[3585],"x":[0]}
{"idx":[21530],"r":[3585],"x":[0]}
{"idx":[22042],"r":[3585],"x":[0]}
{"idx":[23066],"r":[3585],"x":[0]}
{"idx":[22554],"r":[3585],"x":[0]}
{"idx":[23578],"r":[3585],"x":[0]}
{"idx":[24602],"r":[3585],"x":[0]}
{"idx":[25114],"r":[3585],"x":[0]}
{"idx":[25882],"r":[3585],"x":[0]}
{"idx":[26650],"r":[3585],"x":[0]}
{"idx":[27162],"r":[3585],"x":[0]}
{"idx":[28186],"r":[3585],"x":[0]}
{"idx":[29210],"r":[3585],"x":[0]}
{"idx":[29722],"r":[3585],"x":[0]}
{"idx":[30746],"r":[3585],"x":[0]}
{"idx":[31258],"r":[3585],"x":[0]}
{"idx":[32282],"r":[3585],"x":[0]}
{"idx":[-32742],"r":[3585],"x":[0]}
{"idx":[-31718],"r":[3585],"x":[0]}
{"idx":[-31206],"r":[3585],"x":[0]}
{"idx":[-30182],"r":[3585],"x":[0]}
{"idx":[-28902],"r":[3585],"x":[0]}
{"idx":[-28134],"r":[3585],"x":[0]}
{"idx":[-20198],"r":[3585],"x":[0]}
{"idx":[-19430],"r":[3585],"x":[0]}
{"idx":[-18918],"r":[3585],"x":[0]}
{"idx":[-18406],"r":[3585],"x":[0]}
{"idx":[-17382],"r":[3585],"x":[0]}
{"idx":[-16870],"r":[3585],"x":[0]}
{"idx":[-16358],"r":[3585],"x":[0]}
{"idx":[-15334],"r":[3585],"x":[0]}
{"idx":[-14822],"r":[3585],"x":[0]}
{"idx":[-14310],"r":[3585],"x":[0]}
{"idx":[-13798],"r":[3585],"x":[0]}
{"idx":[-13286],"r":[3585],"x":[0]}
{"idx":[-12774],"r":[3585],"x":[0]}
{"idx":[-12262],"r":[3585],"x":[0]}
{"idx":[-11238],"r":[3585],"x":[0]}
{"idx":[-10726],"r":[3585],"x":[0]}
{"idx":[-9958],"r":[3585],"x":[0]}
{"idx":[-9190],"r":[3585],"x":[0]}
{"idx":[-8422],"r":[3585],"x":[0]}
{"idx":[-7654],"r":[3585],"x":[0]}
{"idx":[-7142],"r":[3585],"x":[0]}
{"idx":[-6630],"r":[3585],"x":[0]}
{"idx":[-5606],"r":[3585],"x":[0]}
{"idx":[-5094],"r":[3585],"x":[0]}
{"idx":[-4582],"r":[3585],"x":[0]}
{"idx":[-3558],"r":[3585],"x":[0]}
{"idx":[-2534],"r":[3585],"x":[0]}
{"idx":[-2022],"r":[3585],"x":[0]}
{"idx":[-998],"r":[3585],"x":[0]}
{"idx":[-486],"r":[3585],"x":[0]}
{"idx":[26],"r":[3586],"x":[0]}
{"idx":[1050],"r":[3586],"x":[0]}
{"idx":[1562],"r":[3586],"x":[0]}
{"idx":[5146],"r":[3586],"x":[0]}
{"idx":[5402],"r":[3586],"x":[0]}
{"idx":[6170],"r":[3586],"x":[0]}
{"idx":[7194],"r":[3586],"x":[0]}
{"idx":[7706],"r":[3586],"x":[0]}
{"idx":[8730],"r":[3586],"x":[0]}
{"idx":[9242],"r":[3586],"x":[0]}
{"idx":[10266],"r":[3586],"x":[0]}
{"idx":[10778],"r":[3586],"x":[0]}
{"idx":[11802],"r":[3586],"x":[0]}
{"idx":[12826],"r":[3586],"x":[0]}
{"idx":[13082],"r":[3586],"x":[0]}
{"idx":[13850],"r":[3586],"x":[0]}
{"idx":[14874],"r":[3586],"x":[0]}
{"idx":[16410],"r":[3586],"x":[0]}
{"idx":[17178],"r":[3586],"x":[0]}
{"idx":[18202],"r":[3586],"x":[0]}
{"idx":[18970],"r":[3586],"x":[0]}
{"idx":[19482],"r":[3586],"x":[0]}
{"idx":[20506],"r":[3586],"x":[0]}
{"idx":[21018],"r":[3586],"x":[0]}
{"idx":[21530],"r":[3586],"x":[0]}
{"idx":[22042],"r":[3586],"x":[0]}
{"idx":[23066],"r":[3586],"x":[0]}
{"idx":[23578],"r":[3586],"x":[0]}
{"idx":[24090],"r":[3586],"x":[0]}
{"idx":[24602],"r":[3586],"x":[0]}
{"idx":[26138],"r":[3586],"x":[0]}
{"idx":[26650],"r":[3586],"x":[0]}
{"idx":[27162],"r":[3586],"x":[0]}
{"idx":[29210],"r":[3586],"x":[0]}
{"idx":[30490],"r":[3586],"x":[0]}
{"idx":[30746],"r":[3586],"x":[0]}
{"idx":[-30182],"r":[3586],"x":[0]}
{"idx":[-29670],"r":[3586],"x":[0]}
{"idx":[-28646],"r":[3586],"x":[0]}
{"idx":[-28134],"r":[3586],"x":[0]}
{"idx":[-27366],"r":[3586],"x":[0]}
{"idx":[-26598],"r":[3586],"x":[0]}
{"idx":[-26086],"r":[3586],"x":[0]}
{"idx":[-25062],"r":[3586],"x":[0]}
{"idx":[-24038],"r":[3586],"x":[0]}
{"idx":[-23270],"r":[3586],"x":[0]}
{"idx":[-22502],"r":[3586],"x":[0]}
{"idx":[-21478],"r":[3586],"x":[0]}
{"idx":[-20966],"r":[3586],"x":[0]}
{"idx":[-20454],"r":[3586],"x":[0]}
{"idx":[-18918],"r":[3586],"x":[0]}
{"idx":[-19430],"r":[3586],"x":[0]}
{"idx":[-19174],"r":[3586],"x":[0]}
{"idx":[-17894],"r":[3586],"x":[0]}
{"idx":[-17382],"r":[3586],"x":[0]}
{"idx":[-16870],"r":[3586],"x":[0]}
{"idx":[-16358],"r":[3586],"x":[0]}
{"idx":[-15846],"r":[3586],"x":[0]}
{"idx":[-15078],"r":[3586],"x":[0]}
{"idx":[-14310],"r":[3586],"x":[0]}
{"idx":[-13798],"r":[3586],"x":[0]}
{"idx":[-13286],"r":[3586],"x":[0]}
{"idx":[-12774],"r":[3586],"x":[0]}
{"idx":[-11238],"r":[3586],"x":[0]}
{"idx":[-10726],"r":[3586],"x":[0]}
{"idx":[-9702],"r":[3586],"x":[0]}
{"idx":[-8678],"r":[3586],"x":[0]}
{"idx":[-7910],"r":[3586],"x":[0]}
{"idx":[-6630],"r":[3586],"x":[0]}
{"idx":[-3046],"r":[3074],"x":[0]}
{"idx":[-2534],"r":[3074],"x":[0]}
{"idx":[-1510],"r":[3074],"x":[0]}
{"idx":[26],"r":[3075],"x":[0]}
{"idx":[538],"r":[3075],"x":[0]}
{"idx":[1050],"r":[3075],"x":[0]}
{"idx":[1562],"r":[3075],"x":[0]}
{"idx":[2074],"r":[3075],"x":[0]}
{"idx":[3098],"r":[3587],"x":[0]}
{"idx":[3610],"r":[3587],"x":[0]}
{"idx":[4634],"r":[3587],"x":[0]}
{"idx":[5146],"r":[3587],"x":[0]}
{"idx":[6170],"r":[3075],"x":[0]}
{"idx":[6682],"r":[3075],"x":[0]}
{"idx":[7194],"r":[3075],"x":[0]}
{"idx":[8218],"r":[3075],"x":[0]}
{"idx":[8986],"r":[3075],"x":[0]}
{"idx":[9754],"r":[3587],"x":[0]}
{"idx":[11290],"r":[3587],"x":[0]}
{"idx":[11802],"r":[3587],"x":[0]}
{"idx":[12314],"r":[3587],"x":[0]}
{"idx":[12826],"r":[3587],"x":[0]}
{"idx":[13338],"r":[3587],"x":[0]}
{"idx":[14362],"r":[3587],"x":[0]}
{"idx":[15130],"r":[3587],"x":[0]}
{"idx":[15898],"r":[3587],"x":[0]}
{"idx":[16410],"r":[3587],"x":[0]}
{"idx":[16922],"r":[3587],"x":[0]}
{"idx":[17434],"r":[3587],"x":[0]}
{"idx":[17946],"r":[3587],"x":[0]}
{"idx":[18970],"r":[3587],"x":[0]}
{"idx":[19482],"r":[3587],"x":[0]}
{"idx":[19994],"r":[3587],"x":[0]}
{"idx":[23578],"r":[3587],"x":[0]}
{"idx":[24602],"r":[3075],"x":[0]}
{"idx":[25114],"r":[3075],"x":[0]}
{"idx":[26138],"r":[3075],"x":[0]}
{"idx":[26650],"r":[3075],"x":[0]}
{"idx":[27162],"r":[3075],"x":[0]}
{"idx":[28186],"r":[3075],"x":[0]}
{"idx":[28698],"r":[3075],"x":[0]}
{"idx":[29210],"r":[3075],"x":[0]}
{"idx":[29722],"r":[3075],"x":[0]}
{"idx":[30234],"r":[3075],"x":[0]}
{"idx":[30746],"r":[3075],"x":[0]}
{"idx":[31258],"r":[3075],"x":[0]}
{"idx":[31770],"r":[3075],"x":[0]}
{"idx":[32282],"r":[3075],"x":[0]}
{"idx":[-32742],"r":[3075],"x":[0]}
{"idx":[-32230],"r":[3075],"x":[0]}
{"idx":[-31718],"r":[3075],"x":[0]}
{"idx":[-31206],"r":[3075],"x":[0]}
{"idx":[-30694],"r":[3075],"x":[0]}
{"idx":[-29670],"r":[3075],"x":[0]}
{"idx":[-29158],"r":[3075],"x":[0]}
{"idx":[-28646],"r":[3075],"x":[0]}
{"idx":[-28134],"r":[3075],"x":[0]}
{"idx":[-27622],"r":[3075],"x":[0]}
{"idx":[-26598],"r":[3075],"x":[0]}
{"idx":[-26086],"r":[3075],"x":[0]}
{"idx":[-25062],"r":[3075],"x":[0]}
{"idx":[-24038],"r":[3075],"x":[0]}
{"idx":[-22502],"r":[3075],"x":[0]}
{"idx":[-21990],"r":[3075],"x":[0]}
{"idx":[-21222],"r":[3075],"x":[0]}
{"idx":[-20454],"r":[3075],"x":[0]}
{"idx":[-14822],"r":[3075],"x":[0]}
{"idx":[-13798],"r":[3587],"x":[0]}
{"idx":[-13286],"r":[3587],"x":[0]}
{"idx":[-12262],"r":[3587],"x":[0]}
{"idx":[-11750],"r":[3587],"x":[0]}
{"idx":[-11238],"r":[3587],"x":[0]}
{"idx":[-10726],"r":[3587],"x":[0]}
{"idx":[-9958],"r":[3587],"x":[0]}
{"idx":[-9190],"r":[3587],"x":[0]}
{"idx":[-8678],"r":[3587],"x":[0]}
{"idx":[-7654],"r":[3587],"x":[0]}
{"idx":[-7142],"r":[3587],"x":[0]}
{"idx":[-6118],"r":[3587],"x":[0]}
{"idx":[-5606],"r":[3587],"x":[0]}
{"idx":[-5094],"r":[3587],"x":[0]}
{"idx":[-4582],"r":[3587],"x":[0]}
{"idx":[-4070],"r":[3587],"x":[0]}
{"idx":[-3558],"r":[3587],"x":[0]}
{"idx":[-3046],"r":[3587],"x":[0]}
{"idx":[-2534],"r":[3587],"x":[0]}
{"idx":[-2022],"r":[3587],"x":[0]}
{"idx":[-1510],"r":[3587],"x":[0]}
{"idx":[-998],"r":[3587],"x":[0]}
{"idx":[26],"r":[3588],"x":[0]}
{"idx":[3610],"r":[3588],"x":[0]}
{"idx":[5146],"r":[3588],"x":[0]}
{"idx":[6682],"r":[3588],"x":[0]}
{"idx":[8218],"r":[3588],"x":[0]}
{"idx":[8730],"r":[3588],"x":[0]}
{"idx":[9242],"r":[3588],"x":[0]}
{"idx":[9754],"r":[3588],"x":[0]}
{"idx":[10778],"r":[3588],"x":[0]}
{"idx":[11290],"r":[3588],"x":[0]}
{"idx":[14874],"r":[3588],"x":[0]}
{"idx":[15386],"r":[3588],"x":[0]}
{"idx":[16410],"r":[3588],"x":[0]}
{"idx":[17434],"r":[3588],"x":[0]}
{"idx":[17946],"r":[3588],"x":[0]}
{"idx":[18458],"r":[3588],"x":[0]}
{"idx":[19482],"r":[3588],"x":[0]}
{"idx":[19994],"r":[3588],"x":[0]}
{"idx":[21018],"r":[3588],"x":[0]}
{"idx":[21530],"r":[3588],"x":[0]}
{"idx":[22810],"r":[3588],"x":[0]}
{"idx":[23322],"r":[3588],"x":[0]}
{"idx":[24090],"r":[3588],"x":[0]}
{"idx":[24602],"r":[3588],"x":[0]}
{"idx":[25626],"r":[3588],"x":[0]}
{"idx":[26138],"r":[3588],"x":[0]}
{"idx":[26650],"r":[3588],"x":[0]}
{"idx":[27418],"r":[3588],"x":[0]}
{"idx":[28186],"r":[3588],"x":[0]}
{"idx":[28698],"r":[3588],"x":[0]}
{"idx":[29210],"r":[3588],"x":[0]}
{"idx":[30234],"r":[3588],"x":[0]}
{"idx":[31258],"r":[3588],"x":[0]}
{"idx":[32282],"r":[3588],"x":[0]}
{"idx":[-32742],"r":[3588],"x":[0]}
{"idx":[-31718],"r":[3588],"x":[0]}
{"idx":[-31206],"r":[3588],"x":[0]}
{"idx":[-30694],"r":[3588],"x":[0]}
{"idx":[-29670],"r":[3588],"x":[0]}
{"idx":[-28646],"r":[3588],"x":[0]}
{"idx":[-27878],"r":[3588],"x":[0]}
{"idx":[-27110],"r":[3588],"x":[0]}
{"idx":[-26086],"r":[3588],"x":[0]}
{"idx":[-24038],"r":[3588],"x":[0]}
{"idx":[-23014],"r":[3588],"x":[0]}
{"idx":[-21990],"r":[3588],"x":[0]}
{"idx":[-21222],"r":[3588],"x":[0]}
{"idx":[-20454],"r":[3588],"x":[0]}
{"idx":[-19430],"r":[3588],"x":[0]}
{"idx":[-18918],"r":[3588],"x":[0]}
{"idx":[-18150],"r":[3588],"x":[0]}
{"idx":[-16870],"r":[3588],"x":[0]}
{"idx":[-16102],"r":[3588],"x":[0]}
{"idx":[-15334],"r":[3588],"x":[0]}
{"idx":[-14310],"r":[3588],"x":[0]}
{"idx":[-13798],"r":[3588],"x":[0]}
{"idx":[-13286],"r":[3588],"x":[0]}
{"idx":[-12774],"r":[3588],"x":[0]}
{"idx":[-12262],"r":[3588],"x":[0]}
{"idx":[-11238],"r":[3588],"x":[0]}
{"idx":[-10726],"r":[3588],"x":[0]}
{"idx":[-9702],"r":[3588],"x":[0]}
{"idx":[-8934],"r":[3588],"x":[0]}
{"idx":[-8166],"r":[3588],"x":[0]}
{"idx":[-7142],"r":[3588],"x":[0]}
{"idx":[-6630],"r":[3588],"x":[0]}
{"idx":[-5862],"r":[3588],"x":[0]}
{"idx":[-5094],"r":[3588],"x":[0]}
{"idx":[-4582],"r":[3588],"x":[0]}
{"idx":[-3558],"r":[3588],"x":[0]}
{"idx":[-3046],"r":[3588],"x":[0]}
{"idx":[-2022],"r":[3588],"x":[0]}
{"idx":[-1254],"r":[3588],"x":[0]}
{"idx":[-486],"r":[3588],"x":[0]}
{"idx":[26],"r":[3589],"x":[0]}
{"idx":[1050],"r":[3589],"x":[0]}
{"idx":[5146],"r":[3589],"x":[0]}
{"idx":[6682],"r":[3589],"x":[0]}
{"idx":[7706],"r":[3589],"x":[0]}
{"idx":[8218],"r":[3589],"x":[0]}
{"idx":[9242],"r":[3589],"x":[0]}
{"idx":[10266],"r":[3589],"x":[0]}
{"idx":[10778],"r":[3589],"x":[0]}
{"idx":[11802],"r":[3589],"x":[0]}
{"idx":[12314],"r":[3589],"x":[0]}
{"idx":[12826],"r":[3589],"x":[0]}
{"idx":[13338],"r":[3589],"x":[0]}
{"idx":[13850],"r":[3589],"x":[0]}
{"idx":[14362],"r":[3589],"x":[0]}
{"idx":[14874],"r":[3589],"x":[0]}
{"idx":[15642],"r":[3589],"x":[0]}
{"idx":[16922],"r":[3589],"x":[0]}
{"idx":[17946],"r":[3589],"x":[0]}
{"idx":[18458],"r":[3589],"x":[0]}
{"idx":[19482],"r":[3589],"x":[0]}
{"idx":[20506],"r":[3589],"x":[0]}
{"idx":[21530],"r":[3589],"x":[0]}
{"idx":[23578],"r":[3589],"x":[0]}
{"idx":[24090],"r":[3589],"x":[0]}
{"idx":[24602],"r":[3589],"x":[0]}
{"idx":[25626],"r":[3589],"x":[0]}
{"idx":[26138],"r":[3589],"x":[0]}
{"idx":[27162],"r":[3589],"x":[0]}
{"idx":[27674],"r":[3589],"x":[0]}
{"idx":[28186],"r":[3589],"x":[0]}
{"idx":[29210],"r":[3589],"x":[0]}
{"idx":[29722],"r":[3589],"x":[0]}
{"idx":[30746],"r":[3589],"x":[0]}
{"idx":[31258],"r":[3589],"x":[0]}
{"idx":[-30950],"r":[3589],"x":[0]}
{"idx":[-30438],"r":[3589],"x":[0]}
{"idx":[-29670],"r":[3589],"x":[0]}
{"idx":[-28134],"r":[3589],"x":[0]}
{"idx":[-27110],"r":[3589],"x":[0]}
{"idx":[-26086],"r":[3589],"x":[0]}
{"idx":[-29158],"r":[3589],"x":[0]}
{"idx":[-25574],"r":[3589],"x":[0]}
{"idx":[-24550],"r":[3589],"x":[0]}
{"idx":[-23526],"r":[3589],"x":[0]}
{"idx":[-22502],"r":[3589],"x":[0]}
{"idx":[-21478],"r":[3589],"x":[0]}
{"idx":[-20454],"r":[3589],"x":[0]}
{"idx":[-19942],"r":[3589],"x":[0]}
{"idx":[-18918],"r":[3589],"x":[0]}
{"idx":[-17894],"r":[3589],"x":[0]}
{"idx":[-17126],"r":[3589],"x":[0]}
{"idx":[-15846],"r":[3589],"x":[0]}
{"idx":[-15334],"r":[3589],"x":[0]}
{"idx":[-14822],"r":[3589],"x":[0]}
{"idx":[-14310],"r":[3589],"x":[0]}
{"idx":[-13286],"r":[3589],"x":[0]}
{"idx":[-12262],"r":[3589],"x":[0]}
{"idx":[-11750],"r":[3589],"x":[0]}
{"idx":[-10982],"r":[3589],"x":[0]}
{"idx":[-10214],"r":[3589],"x":[0]}
{"idx":[-9190],"r":[3589],"x":[0]}
{"idx":[-8678],"r":[3589],"x":[0]}
{"idx":[-7654],"r":[3589],"x":[0]}
{"idx":[-7142],"r":[3589],"x":[0]}
{"idx":[-6118],"r":[3589],"x":[0]}
{"idx":[-5350],"r":[3589],"x":[0]}
{"idx":[-4582],"r":[3589],"x":[0]}
{"idx":[-2022],"r":[3589],"x":[0]}
{"idx":[-1510],"r":[3589],"x":[0]}
{"idx":[-998],"r":[3077],"x":[0]}
{"idx":[-486],"r":[3077],"x":[0]}
{"idx":[538],"r":[3078],"x":[0]}
{"idx":[1050],"r":[3078],"x":[0]}
{"idx":[1818],"r":[3078],"x":[0]}
{"idx":[3098],"r":[3078],"x":[0]}
{"idx":[3610],"r":[3078],"x":[0]}
{"idx":[5658],"r":[3078],"x":[0]}
{"idx":[6170],"r":[3078],"x":[0]}
{"idx":[7194],"r":[3078],"x":[0]}
{"idx":[8730],"r":[3078],"x":[0]}
{"idx":[9242],"r":[3078],"x":[0]}
{"idx":[9754],"r":[3078],"x":[0]}
{"idx":[10778],"r":[3078],"x":[0]}
{"idx":[11290],"r":[3078],"x":[0]}
{"idx":[11802],"r":[3078],"x":[0]}
{"idx":[12314],"r":[3078],"x":[0]}
{"idx":[12826],"r":[3078],"x":[0]}
{"idx":[14362],"r":[3078],"x":[0]}
{"idx":[15130],"r":[3078],"x":[0]}
{"idx":[16410],"r":[3078],"x":[0]}
{"idx":[16922],"r":[3078],"x":[0]}
{"idx":[17690],"r":[3078],"x":[0]}
{"idx":[18458],"r":[3078],"x":[0]}
{"idx":[19482],"r":[3078],"x":[0]}
{"idx":[20506],"r":[3078],"x":[0]}
{"idx":[21018],"r":[3078],"x":[0]}
{"idx":[22042],"r":[3078],"x":[0]}
{"idx":[22554],"r":[3078],"x":[0]}
{"idx":[23578],"r":[3078],"x":[0]}
{"idx":[24090],"r":[3078],"x":[0]}
{"idx":[28186],"r":[3078],"x":[0]}
{"idx":[29210],"r":[3078],"x":[0]}
{"idx":[30234],"r":[3078],"x":[0]}
{"idx":[30746],"r":[3078],"x":[0]}
{"idx":[31770],"r":[3078],"x":[0]}
{"idx":[32282],"r":[3078],"x":[0]}
{"idx":[-32742],"r":[3078],"x":[0]}
{"idx":[-31718],"r":[3078],"x":[0]}
{"idx":[-31206],"r":[3078],"x":[0]}
{"idx":[-30694],"r":[3078],"x":[0]}
{"idx":[-30182],"r":[3078],"x":[0]}
{"idx":[-29158],"r":[3078],"x":[0]}
{"idx":[-28646],"r":[3078],"x":[0]}
{"idx":[-28134],"r":[3078],"x":[0]}
{"idx":[-27110],"r":[3078],"x":[0]}
{"idx":[-26086],"r":[3078],"x":[0]}
{"idx":[-25574],"r":[3078],"x":[0]}
{"idx":[-24550],"r":[3078],"x":[0]}
{"idx":[-23782],"r":[3078],"x":[0]}
{"idx":[-23014],"r":[3078],"x":[0]}
{"idx":[-22502],"r":[3078],"x":[0]}
{"idx":[-21990],"r":[3078],"x":[0]}
{"idx":[-20966],"r":[3078],"x":[0]}
{"idx":[-19430],"r":[3078],"x":[0]}
{"idx":[-17894],"r":[3078],"x":[0]}
{"idx":[-17382],"r":[3078],"x":[0]}
{"idx":[-16358],"r":[3078],"x":[0]}
{"idx":[-14822],"r":[3078],"x":[0]}
{"idx":[-14054],"r":[3078],"x":[0]}
{"idx":[-13286],"r":[3078],"x":[0]}
{"idx":[-12774],"r":[3078],"x":[0]}
{"idx":[-11750],"r":[3078],"x":[0]}
{"idx":[-11238],"r":[3078],"x":[0]}
{"idx":[-5094],"r":[3078],"x":[0]}
{"idx":[-4582],"r":[3078],"x":[0]}
{"idx":[-3558],"r":[3078],"x":[0]}
{"idx":[-3046],"r":[3078],"x":[0]}
{"idx":[-2022],"r":[3078],"x":[0]}
{"idx":[-1510],"r":[3078],"x":[0]}
{"idx":[-998],"r":[3078],"x":[0]}
{"idx":[-486],"r":[3078],"x":[0]}
{"idx":[538],"r":[3079],"x":[0]}
{"idx":[1050],"r":[3079],"x":[0]}
{"idx":[2074],"r":[3079],"x":[0]}
{"idx":[3098],"r":[3079],"x":[0]}
{"idx":[4122],"r":[3079],"x":[0]}
{"idx":[6170],"r":[3079],"x":[0]}
{"idx":[6682],"r":[3079],"x":[0]}
{"idx":[7706],"r":[3079],"x":[0]}
{"idx":[8474],"r":[3079],"x":[0]}
{"idx":[9242],"r":[3079],"x":[0]}
{"idx":[9754],"r":[3591],"x":[0]}
{"idx":[10778],"r":[3591],"x":[0]}
{"idx":[11802],"r":[3591],"x":[0]}
{"idx":[12570],"r":[3591],"x":[0]}
{"idx":[13338],"r":[3591],"x":[0]}
{"idx":[14106],"r":[3591],"x":[0]}
{"idx":[14874],"r":[3591],"x":[0]}
{"idx":[15898],"r":[3591],"x":[0]}
{"idx":[16922],"r":[3591],"x":[0]}
{"idx":[17946],"r":[3591],"x":[0]}
{"idx":[18458],"r":[3591],"x":[0]}
{"idx":[18970],"r":[3591],"x":[0]}
{"idx":[19994],"r":[3591],"x":[0]}
{"idx":[20506],"r":[3591],"x":[0]}
{"idx":[21530],"r":[3591],"x":[0]}
{"idx":[24602],"r":[3591],"x":[0]}
{"idx":[25626],"r":[3079],"x":[0]}
{"idx":[26138],"r":[3079],"x":[0]}
{"idx":[27162],"r":[3079],"x":[0]}
{"idx":[27930],"r":[3079],"x":[0]}
{"idx":[28698],"r":[3079],"x":[0]}
{"idx":[29210],"r":[3079],"x":[0]}
{"idx":[30234],"r":[3079],"x":[0]}
{"idx":[30746],"r":[3079],"x":[0]}
{"idx":[31258],"r":[3079],"x":[0]}
{"idx":[32026],"r":[3079],"x":[0]}
{"idx":[-32742],"r":[3079],"x":[0]}
{"idx":[-32230],"r":[3079],"x":[0]}
{"idx":[-31206],"r":[3079],"x":[0]}
{"idx":[-30694],"r":[3079],"x":[0]}
{"idx":[-29670],"r":[3079],"x":[0]}
{"idx":[-28646],"r":[3079],"x":[0]}
{"idx":[-27622],"r":[3079],"x":[0]}
{"idx":[-26342],"r":[3079],"x":[0]}
{"idx":[-25574],"r":[3079],"x":[0]}
{"idx":[-24550],"r":[3079],"x":[0]}
{"idx":[-23526],"r":[3079],"x":[0]}
{"idx":[-22502],"r":[3079],"x":[0]}
{"idx":[-21478],"r":[3079],"x":[0]}
{"idx":[-20966],"r":[3079],"x":[0]}
{"idx":[-20454],"r":[3079],"x":[0]}
{"idx":[-19430],"r":[3079],"x":[0]}
{"idx":[-18406],"r":[3079],"x":[0]}
{"idx":[-17382],"r":[3591],"x":[0]}
{"idx":[-16358],"r":[3591],"x":[0]}
{"idx":[-15590],"r":[3591],"x":[0]}
{"idx":[-14822],"r":[3591],"x":[0]}
{"idx":[-13798],"r":[3591],"x":[0]}
{"idx":[-9702],"r":[3591],"x":[0]}
{"idx":[-9190],"r":[3591],"x":[0]}
{"idx":[-8678],"r":[3591],"x":[0]}
{"idx":[-8166],"r":[3591],"x":[0]}
{"idx":[-7142],"r":[3591],"x":[0]}
{"idx":[-6630],"r":[3591],"x":[0]}
{"idx":[-5606],"r":[3591],"x":[0]}
{"idx":[-5094],"r":[3591],"x":[0]}
{"idx":[-4070],"r":[3591],"x":[0]}
{"idx":[-3558],"r":[3591],"x":[0]}
{"idx":[-3046],"r":[3591],"x":[0]}
{"idx":[-2022],"r":[3591],"x":[0]}
{"idx":[-998],"r":[3591],"x":[0]}
{"idx":[538],"r":[3592],"x":[0]}
{"idx":[1050],"r":[3592],"x":[0]}
{"idx":[2074],"r":[3592],"x":[0]}
{"idx":[-486],"r":[3591],"x":[0]}
{"idx":[2586],"r":[3592],"x":[0]}
{"idx":[3610],"r":[3592],"x":[0]}
{"idx":[4634],"r":[3592],"x":[0]}
{"idx":[5146],"r":[3592],"x":[0]}
{"idx":[5658],"r":[3592],"x":[0]}
{"idx":[6426],"r":[3592],"x":[0]}
{"idx":[7194],"r":[3592],"x":[0]}
{"idx":[8218],"r":[3592],"x":[0]}
{"idx":[8986],"r":[3592],"x":[0]}
{"idx":[10266],"r":[3592],"x":[0]}
{"idx":[10778],"r":[3592],"x":[0]}
{"idx":[12314],"r":[3592],"x":[0]}
{"idx":[12826],"r":[3592],"x":[0]}
{"idx":[13850],"r":[3592],"x":[0]}
{"idx":[14874],"r":[3592],"x":[0]}
{"idx":[15386],"r":[3592],"x":[0]}
{"idx":[20506],"r":[3592],"x":[0]}
{"idx":[21018],"r":[3592],"x":[0]}
{"idx":[21786],"r":[3592],"x":[0]}
{"idx":[22554],"r":[3592],"x":[0]}
{"idx":[23578],"r":[3592],"x":[0]}
{"idx":[24090],"r":[3592],"x":[0]}
{"idx":[24602],"r":[3592],"x":[0]}
{"idx":[25626],"r":[3592],"x":[0]}
{"idx":[26138],"r":[3592],"x":[0]}
{"idx":[26650],"r":[3592],"x":[0]}
{"idx":[27674],"r":[3592],"x":[0]}
{"idx":[28698],"r":[3592],"x":[0]}
{"idx":[26],"r":[3584],"x":[0]}
{"idx":[282],"r":[3584],"x":[0]}
{"idx":[538],"r":[3584],"x":[0]}
{"idx":[794],"r":[3584],"x":[0]}
{"idx":[1050],"r":[3584],"x":[0]}
{"idx":[1306],"r":[3584],"x":[0]}
{"idx":[1562],"r":[3584],"x":[0]}
{"idx":[1818],"r":[3584],"x":[0]}
{"idx":[2074],"r":[3584],"x":[0]}
{"idx":[2330],"r":[3584],"x":[0]}
{"idx":[2586],"r":[3584],"x":[0]}
{"idx":[2842],"r":[3584],"x":[0]}
{"idx":[3098],"r":[3584],"x":[0]}
{"idx":[3354],"r":[3584],"x":[0]}
{"idx":[3610],"r":[3584],"x":[0]}
{"idx":[3866],"r":[3584],"x":[0]}
{"idx":[4122],"r":[3584],"x":[0]}
{"idx":[4378],"r":[3584],"x":[0]}
{"idx":[4634],"r":[3584],"x":[0]}
{"idx":[4890],"r":[3584],"x":[0]}
{"idx":[5146],"r":[3584],"x":[0]}
{"idx":[5402],"r":[3584],"x":[0]}
{"idx":[5658],"r":[3584],"x":[0]}
{"idx":[5914],"r":[3584],"x":[0]}
{"idx":[6170],"r":[3584],"x":[0]}
{"idx":[6426],"r":[3584],"x":[0]}
{"idx":[6682],"r":[3584],"x":[0]}
{"idx":[6938],"r":[3584],"x":[0]}
{"idx":[7194],"r":[3584],"x":[0]}
{"idx":[7450],"r":[3584],"x":[0]}
{"idx":[7706],"r":[3584],"x":[0]}
{"idx":[7962],"r":[3584],"x":[0]}
{"idx":[8218],"r":[3584],"x":[0]}
{"idx":[8474],"r":[3584],"x":[0]}
{"idx":[8730],"r":[3584],"x":[0]}
{"idx":[8986],"r":[3584],"x":[0]}
{"idx":[9242],"r":[3584],"x":[0]}
{"idx":[9498],"r":[3584],"x":[0]}
{"idx":[9754],"r":[3584],"x":[0]}
{"idx":[10010],"r":[3584],"x":[0]}
{"idx":[10266],"r":[3584],"x":[0]}
{"idx":[10522],"r":[3584],"x":[0]}
{"idx":[10778],"r":[3584],"x":[0]}
{"idx":[11034],"r":[3584],"x":[0]}
{"idx":[11290],"r":[3584],"x":[0]}
{"idx":[11546],"r":[3584],"x":[0]}
{"idx":[11802],"r":[3584],"x":[0]}
{"idx":[12058],"r":[3584],"x":[0]}
{"idx":[12314],"r":[3584],"x":[0]}
{"idx":[12570],"r":[3584],"x":[0]}
{"idx":[12826],"r":[3584],"x":[0]}
{"idx":[13082],"r":[3584],"x":[0]}
{"idx":[13338],"r":[3584],"x":[0]}
{"idx":[13594],"r":[3584],"x":[0]}
{"idx":[13850],"r":[3584],"x":[0]}
{"idx":[14106],"r":[3584],"x":[0]}
{"idx":[14362],"r":[3584],"x":[0]}
{"idx":[14618],"r":[3584],"x":[0]}
{"idx":[14874],"r":[3584],"x":[0]}
{"idx":[15130],"r":[3584],"x":[0]}
{"idx":[15386],"r":[3584],"x":[0]}
{"idx":[15642],"r":[3584],"x":[0]}
{"idx":[15898],"r":[3584],"x":[0]}
{"idx":[16154],"r":[3584],"x":[0]}
{"idx":[16410],"r":[3584],"x":[0]}
{"idx":[16666],"r":[3584],"x":[0]}
